Date,Open,High,Low,Close,Volume,AvgVol20,VolDisp20,SMA20,SMA60,SMA120,SMA480,RSI14,POC_20D_UltraShort,POC_90D_Short,POC_365D_Mid,POC_1095D_Long
2025-06-05,69.0,103.75,64.0,83.2300033569336,47192000,0,0.0,,,,,,기간 부족,기간 부족,기간 부족,기간 부족
2025-06-06,96.38999938964844,123.51499938964844,92.94999694824219,107.69999694824219,60706300,0,0.0,,,,,100.0,기간 부족,기간 부족,기간 부족,기간 부족
2025-06-09,132.72000122070312,138.57000732421875,108.4000015258789,115.25,45521100,0,0.0,,,,,100.0,105.6 - 108.8 (39.6%),105.3 - 108.0 (39.6%),107.5 - 110.0 (39.6%),107.1 - 109.2 (39.6%)
2025-06-10,115.0,115.0,101.51000213623047,105.91000366210938,25517800,0,0.0,,,,,97.0,105.6 - 108.8 (48.2%),105.3 - 108.0 (48.2%),107.5 - 110.0 (33.9%),107.1 - 109.2 (33.9%)
2025-06-11,107.0,120.48999786376953,106.5,117.19999694824219,26481400,0,0.0,,,,,97.12,105.4 - 108.8 (42.0%),114.8 - 117.6 (35.1%),106.6 - 109.2 (29.6%),105.8 - 108.1 (42.0%)
2025-06-12,116.79000091552734,117.93099975585938,104.26000213623047,106.54000091552734,13416500,0,0.0,,,,,93.55,105.4 - 108.8 (45.5%),106.4 - 109.2 (33.9%),106.6 - 109.2 (27.7%),105.8 - 108.1 (45.5%)
2025-06-13,108.80999755859375,134.72000122070312,108.80000305175781,133.55999755859375,34013600,0,0.0,,,,,94.13,105.0 - 110.0 (39.4%),105.0 - 109.2 (39.4%),105.3 - 109.2 (39.4%),105.4 - 108.8 (39.4%)
2025-06-16,147.5399932861328,165.60000610351562,145.8800048828125,151.05999755859375,43781500,0,0.0,,,,,94.49,102.0 - 108.8 (33.6%),102.6 - 108.3 (33.6%),104.0 - 109.2 (33.6%),103.5 - 108.0 (33.6%)
2025-06-17,156.36000061035156,164.4199981689453,143.52999877929688,149.14999389648438,31234200,0,0.0,,,,,93.83,102.0 - 108.8 (30.4%),102.6 - 108.3 (30.4%),104.0 - 109.2 (30.4%),103.5 - 108.0 (30.4%)
2025-06-18,153.22000122070312,200.89999389648438,148.0,199.58999633789062,63566800,0,0.0,,,,,94.85,104.4 - 116.0 (37.1%),106.7 - 116.4 (27.1%),99.0 - 108.0 (25.5%),101.4 - 109.2 (25.5%)
2025-06-20,231.5,248.8800048828125,206.1699981689453,240.27999877929688,92427200,0,0.0,,,,,95.5,94.2 - 109.9 (20.6%),104.8 - 117.9 (35.5%),96.8 - 108.9 (20.6%),105.0 - 115.5 (30.0%)
2025-06-23,238.4600067138672,298.989990234375,232.47999572753906,263.45001220703125,99128700,0,0.0,,,,,95.82,90.0 - 108.0 (17.1%),105.0 - 120.0 (29.4%),97.3 - 111.2 (17.1%),96.0 - 108.0 (17.1%)
2025-06-24,250.4199981689453,265.0,217.57899475097656,222.64999389648438,68222600,0,0.0,,,,,84.36,90.0 - 108.0 (15.3%),105.0 - 120.0 (26.4%),97.3 - 111.2 (15.3%),96.0 - 108.0 (15.3%)
2025-06-25,218.5449981689453,227.5399932861328,198.0,198.6199951171875,49283200,0,0.0,,,,,78.41,198.0 - 216.0 (16.1%),105.0 - 120.0 (24.5%),194.6 - 208.5 (16.1%),192.0 - 204.0 (16.1%)
2025-06-26,209.0399932861328,226.9499969482422,205.67999267578125,213.6300048828125,45550300,0,0.0,,,,,79.39,189.6 - 205.4 (16.1%),105.0 - 120.0 (23.0%),194.6 - 208.5 (15.1%),192.0 - 204.0 (15.1%)
2025-06-27,223.64700317382812,223.64700317382812,175.60000610351562,180.42999267578125,48112100,0,0.0,,,,,71.66,189.6 - 205.4 (16.4%),105.0 - 120.0 (21.6%),194.6 - 208.5 (14.2%),192.0 - 204.0 (14.2%)
2025-06-30,181.77000427246094,192.5,178.0,181.2899932861328,34461500,0,0.0,,,,,71.74,189.6 - 205.4 (16.7%),105.0 - 120.0 (20.7%),194.6 - 208.5 (13.6%),192.0 - 204.0 (13.6%)
2025-07-01,184.6699981689453,194.0,171.5,192.52999877929688,31252100,0,0.0,,,,,72.78,188.4 - 204.1 (21.2%),105.0 - 120.0 (20.0%),194.6 - 208.5 (13.1%),192.0 - 204.0 (16.8%)
2025-07-02,187.2100067138672,189.0,176.0,177.97000122070312,18546000,0,0.0,,,,,69.23,188.4 - 204.1 (21.4%),105.0 - 120.0 (19.5%),194.6 - 208.5 (12.8%),192.0 - 204.0 (16.4%)
2025-07-03,182.1699981689453,192.5,181.38999938964844,188.77000427246094,17192000,44780345,-61.61,166.44,,,,70.38,195.0 - 208.0 (16.7%),105.0 - 120.0 (19.2%),194.6 - 208.5 (12.6%),192.0 - 204.0 (16.1%)
2025-07-07,193.75,208.60000610351562,186.60000610351562,207.4600067138672,31640800,44002785,-28.09,172.65,,,,72.32,193.8 - 205.2 (17.9%),105.0 - 120.0 (18.5%),194.6 - 208.5 (15.6%),192.0 - 204.0 (15.5%)
2025-07-08,199.5,209.5,196.0,204.80999755859375,22225500,42078745,-47.18,177.51,,,,71.6,195.5 - 204.0 (18.2%),105.0 - 120.0 (18.1%),194.6 - 208.5 (17.6%),192.0 - 204.0 (15.2%)
2025-07-09,209.36000061035156,215.60000610351562,197.25,200.67999267578125,17934400,40699410,-55.93,181.78,,,,70.44,255.0 - 263.5 (17.2%),195.0 - 210.0 (19.1%),194.6 - 208.5 (19.1%),192.0 - 204.0 (16.7%)
2025-07-10,208.83999633789062,209.57000732421875,199.0,202.89999389648438,12340100,40040525,-69.18,186.63,,,,70.71,255.0 - 263.5 (16.8%),195.0 - 210.0 (20.1%),194.6 - 208.5 (20.1%),192.0 - 204.0 (17.8%)
2025-07-11,204.17999267578125,206.8000030517578,182.5,187.3300018310547,18227400,39627825,-54.0,190.13,,,,66.05,255.0 - 263.5 (19.3%),195.0 - 210.0 (19.7%),194.6 - 208.5 (19.7%),192.0 - 204.0 (17.5%)
2025-07-14,189.27000427246094,204.91000366210938,185.5399932861328,204.6999969482422,15445200,39729260,-61.12,195.04,,,,68.54,180.0 - 184.5 (19.2%),195.0 - 210.0 (21.0%),194.6 - 208.5 (21.0%),192.0 - 204.0 (17.2%)
2025-07-15,198.0,203.4600067138672,188.10000610351562,195.3300018310547,14758500,38766505,-61.93,198.13,,,,65.74,180.0 - 183.6 (21.9%),195.0 - 210.0 (22.1%),194.6 - 208.5 (22.1%),192.0 - 204.0 (18.4%)
2025-07-16,203.0500030517578,239.697998046875,201.32000732421875,233.1999969482422,43669500,38760905,12.66,202.24,,,,70.92,176.0 - 181.5 (27.2%),195.0 - 210.0 (21.2%),194.6 - 208.5 (21.2%),192.0 - 204.0 (17.6%)
2025-07-17,225.5850067138672,244.36000061035156,220.00999450683594,235.0800018310547,29222500,38660320,-24.41,206.53,,,,71.15,176.7 - 182.4 (28.5%),195.0 - 210.0 (20.6%),194.6 - 208.5 (20.6%),192.0 - 204.0 (17.2%)
2025-07-18,244.89999389648438,262.9700012207031,222.49000549316406,223.77999877929688,42877400,37625850,13.96,207.74,,,,67.64,199.5 - 205.2 (19.4%),195.0 - 210.0 (19.9%),194.6 - 208.5 (19.9%),192.0 - 204.0 (16.5%)
2025-07-21,226.39999389648438,231.8800048828125,213.3300018310547,216.10000610351562,19033100,33956145,-43.95,206.54,,,,65.28,199.5 - 205.2 (20.3%),195.0 - 210.0 (19.5%),194.6 - 208.5 (19.5%),192.0 - 204.0 (16.3%)
2025-07-22,207.5500030517578,211.99000549316406,192.89999389648438,198.30999755859375,18485900,29924005,-38.22,203.28,,,,60.07,199.5 - 205.2 (21.1%),195.0 - 210.0 (20.8%),194.6 - 208.5 (20.8%),192.0 - 204.0 (17.6%)
2025-07-23,198.3800048828125,202.5,195.0800018310547,202.41000366210938,10319800,27028865,-61.82,202.27,,,,60.84,230.4 - 235.2 (23.3%),195.0 - 210.0 (21.5%),194.6 - 208.5 (21.5%),192.0 - 204.0 (18.3%)
2025-07-24,199.75,201.25,189.22999572753906,193.0800018310547,9085900,25019000,-63.68,201.99,,,,58.07,230.4 - 235.2 (23.9%),195.0 - 210.0 (21.3%),194.6 - 208.5 (21.3%),192.0 - 204.0 (18.9%)
2025-07-25,192.5399932861328,195.6999969482422,187.5,192.86000061035156,6988500,23090910,-69.73,200.95,,,,58.01,230.4 - 235.2 (23.3%),195.0 - 210.0 (21.2%),194.6 - 208.5 (21.2%),192.0 - 204.0 (19.4%)
2025-07-28,196.97500610351562,197.89999389648438,183.91000366210938,185.36000061035156,9524200,21161515,-54.99,201.2,,,,55.65,200.0 - 205.0 (27.0%),195.0 - 210.0 (21.0%),194.6 - 208.5 (21.0%),192.0 - 204.0 (19.2%)
2025-07-29,187.875,190.75,180.6820068359375,181.63999938964844,9534800,19915180,-52.12,201.22,,,,54.47,227.9 - 233.2 (15.7%),195.0 - 210.0 (20.9%),194.6 - 208.5 (20.9%),192.0 - 204.0 (19.1%)
2025-07-30,182.6199951171875,193.33399963378906,182.10000610351562,190.5,9317700,18818460,-50.49,201.11,,,,56.82,227.9 - 233.2 (16.2%),195.0 - 210.0 (20.7%),194.6 - 208.5 (20.7%),192.0 - 204.0 (18.9%)
2025-07-31,188.7550048828125,189.8699951171875,183.0,183.52000427246094,5770600,18179690,-68.26,201.39,,,,54.43,227.9 - 233.2 (16.7%),195.0 - 210.0 (20.6%),194.6 - 208.5 (20.6%),192.0 - 204.0 (18.8%)
2025-08-01,176.92999267578125,181.5500030517578,167.3000030517578,168.10000610351562,12924900,17966335,-28.06,200.36,,,,49.49,227.8 - 234.5 (17.0%),195.0 - 210.0 (20.4%),194.6 - 208.5 (20.4%),192.0 - 204.0 (18.6%)
2025-08-04,172.10000610351562,172.10000610351562,154.5,164.82000732421875,11701300,16969360,-31.04,198.23,,,,48.48,231.0 - 238.0 (28.8%),195.0 - 210.0 (20.2%),194.6 - 208.5 (20.2%),192.0 - 204.0 (18.5%)
2025-08-05,160.0,164.32000732421875,153.91000366210938,153.92999267578125,7802400,16248205,-51.98,195.68,,,,45.18,226.8 - 234.9 (17.7%),195.0 - 210.0 (20.1%),194.6 - 208.5 (20.1%),192.0 - 204.0 (18.4%)
2025-08-06,150.08999633789062,162.44000244140625,149.0,161.7100067138672,8357900,15769380,-47.0,193.73,,,,47.91,218.7 - 226.8 (20.3%),195.0 - 210.0 (20.0%),194.6 - 208.5 (20.0%),192.0 - 204.0 (18.2%)
2025-08-07,167.67999267578125,169.9199981689453,151.10000610351562,152.92999267578125,10166300,15660690,-35.08,191.23,,,,45.18,220.1 - 227.2 (22.3%),195.0 - 210.0 (19.8%),194.6 - 208.5 (19.8%),192.0 - 204.0 (18.1%)
2025-08-08,155.01499938964844,163.22000122070312,154.11700439453125,159.02999877929688,8921000,15195370,-41.29,189.82,,,,47.42,189.0 - 195.3 (16.1%),195.0 - 210.0 (19.7%),194.6 - 208.5 (19.7%),192.0 - 204.0 (18.0%)
2025-08-11,161.0050048828125,169.8000030517578,155.52699279785156,161.1699981689453,11888900,15017555,-20.83,187.64,,,,48.22,181.3 - 186.2 (16.5%),195.0 - 210.0 (19.5%),194.6 - 208.5 (19.5%),192.0 - 204.0 (17.8%)
2025-08-12,186.3000030517578,189.9199981689453,161.50999450683594,163.2100067138672,33232700,15941265,108.47,186.04,,,,49.01,161.7 - 166.6 (32.2%),195.0 - 210.0 (19.0%),194.6 - 208.5 (19.0%),192.0 - 204.0 (17.4%)
2025-08-13,156.63999938964844,164.63999938964844,152.14999389648438,153.16000366210938,17877900,14651685,22.02,182.04,,,,45.32,160.0 - 164.0 (30.9%),195.0 - 210.0 (18.8%),194.6 - 208.5 (18.8%),192.0 - 204.0 (17.1%)
2025-08-14,152.0,156.8000030517578,136.39999389648438,139.22999572753906,17905900,14085855,27.12,177.24,,,,40.73,162.0 - 167.4 (24.7%),195.0 - 210.0 (18.5%),194.6 - 208.5 (18.5%),192.0 - 204.0 (16.9%)
2025-08-15,141.15499877929688,151.47000122070312,139.25,149.25999450683594,23286200,13106295,77.67,173.52,,,,45.04,163.2 - 168.3 (29.2%),195.0 - 210.0 (18.2%),194.6 - 208.5 (18.2%),192.0 - 204.0 (16.6%)
2025-08-18,148.69500732421875,149.4499969482422,141.35000610351562,141.5800018310547,8683100,12588795,-31.03,169.79,,,,42.5,163.2 - 168.3 (29.3%),195.0 - 210.0 (18.1%),194.6 - 208.5 (18.1%),192.0 - 204.0 (16.5%)
2025-08-19,143.97999572753906,144.64999389648438,133.11000061035156,135.22999572753906,9688100,12148905,-20.26,166.64,,,,40.46,159.5 - 165.0 (33.0%),195.0 - 210.0 (18.0%),194.6 - 208.5 (18.0%),192.0 - 204.0 (16.4%)
2025-08-20,136.94000244140625,139.5,129.10000610351562,137.80999755859375,9944100,12130120,-18.02,163.41,,,,41.68,148.8 - 153.6 (25.9%),195.0 - 210.0 (17.8%),194.6 - 208.5 (17.8%),192.0 - 204.0 (16.3%)
2025-08-21,135.0,136.99000549316406,131.58999633789062,131.8000030517578,4986600,11925155,-58.18,160.34,,,,39.64,162.0 - 165.6 (22.8%),195.0 - 210.0 (17.8%),194.6 - 208.5 (17.8%),192.0 - 204.0 (16.3%)
2025-08-22,132.99000549316406,144.6999969482422,131.0500030517578,135.0399932861328,13309100,12241185,8.72,157.45,,,,41.31,161.7 - 165.0 (26.9%),195.0 - 210.0 (17.6%),194.6 - 208.5 (17.6%),192.0 - 204.0 (16.1%)
2025-08-25,134.36000061035156,135.32000732421875,124.69999694824219,125.23999786376953,10419800,12285965,-15.19,154.45,,,,37.89,159.6 - 163.4 (27.2%),195.0 - 210.0 (17.5%),194.6 - 208.5 (17.5%),192.0 - 204.0 (16.0%)
2025-08-26,125.5999984741211,130.25,124.16000366210938,129.0500030517578,6923300,12155390,-43.04,151.82,,,,39.97,159.6 - 163.4 (27.3%),195.0 - 210.0 (17.4%),194.6 - 208.5 (17.4%),192.0 - 204.0 (15.9%)
2025-08-27,129.0500030517578,130.26300048828125,126.01000213623047,127.4000015258789,5567700,11967890,-53.48,148.66,,,,39.36,159.6 - 163.4 (23.4%),195.0 - 210.0 (17.3%),194.6 - 208.5 (17.3%),192.0 - 204.0 (15.9%)
2025-08-28,129.0,132.77999877929688,127.66300201416016,130.94000244140625,5588700,11958795,-53.27,146.03,,,,41.44,159.6 - 163.4 (24.0%),195.0 - 210.0 (17.3%),194.6 - 208.5 (17.3%),192.0 - 204.0 (15.8%)
2025-08-29,131.07000732421875,135.97000122070312,129.0,131.97999572753906,8140600,11719580,-30.54,144.23,170.34,,,42.06,159.6 - 163.4 (24.1%),195.0 - 210.0 (17.2%),194.6 - 208.5 (17.2%),192.0 - 204.0 (15.7%)
2025-09-02,128.55999755859375,131.69000244140625,119.5999984741211,120.13999938964844,10272400,11648135,-11.81,141.99,170.96,,,37.17,138.6 - 141.9 (17.4%),195.0 - 210.0 (17.1%),194.6 - 208.5 (17.1%),192.0 - 204.0 (15.6%)
2025-09-03,122.08999633789062,122.27100372314453,116.5999984741211,118.45999908447266,9473300,11731680,-19.25,140.22,171.14,,,36.52,136.4 - 139.5 (19.3%),195.0 - 210.0 (17.0%),194.6 - 208.5 (17.0%),192.0 - 204.0 (15.5%)
2025-09-04,117.63999938964844,120.31999969482422,115.08000183105469,117.48999786376953,6393600,11633465,-45.04,138.01,171.17,,,36.13,147.2 - 150.4 (17.6%),196.5 - 209.6 (16.4%),194.6 - 208.5 (16.9%),192.0 - 204.0 (15.4%)
2025-09-05,117.77999877929688,118.80000305175781,108.0199966430664,114.55999755859375,11544500,11702375,-1.35,136.09,171.32,,,34.91,135.0 - 137.7 (19.0%),196.5 - 209.6 (17.0%),194.6 - 208.5 (16.8%),192.0 - 204.0 (15.3%)
2025-09-08,114.0,117.77999877929688,110.05000305175781,112.45999908447266,8410400,11676845,-27.97,133.76,171.24,,,34.02,135.0 - 137.5 (19.1%),196.5 - 209.6 (17.5%),194.6 - 208.5 (16.7%),192.0 - 204.0 (15.2%)
2025-09-09,113.62999725341797,120.75,112.62000274658203,117.98999786376953,9098700,11537335,-21.14,131.6,171.43,,,38.46,130.0 - 132.5 (15.6%),196.5 - 209.6 (17.7%),194.6 - 208.5 (16.6%),192.0 - 204.0 (15.2%)
2025-09-10,119.96499633789062,124.9800033569336,113.16999816894531,113.69000244140625,9925500,10371975,-4.3,129.13,171.1,,,36.41,117.3 - 119.6 (20.8%),196.5 - 209.6 (17.9%),194.6 - 208.5 (16.5%),192.0 - 204.0 (15.1%)
2025-09-11,114.22000122070312,136.49000549316406,113.30000305175781,133.6999969482422,23638300,10659995,121.75,128.15,170.81,,,49.81,133.4 - 135.7 (26.6%),189.0 - 201.6 (16.2%),194.6 - 208.5 (16.2%),192.0 - 204.0 (14.8%)
2025-09-12,134.85000610351562,134.89999389648438,124.5,125.31999969482422,15291500,10529275,45.23,127.46,170.41,,,45.48,123.9 - 126.0 (18.3%),189.0 - 201.6 (16.5%),194.6 - 208.5 (16.1%),192.0 - 204.0 (14.7%)
2025-09-15,129.89999389648438,135.77999877929688,125.08000183105469,134.0500030517578,12573800,9993655,25.82,126.7,169.32,,,50.32,132.0 - 134.2 (25.4%),189.0 - 201.6 (16.9%),194.6 - 208.5 (15.9%),192.0 - 204.0 (14.6%)
2025-09-16,139.60000610351562,142.5500030517578,133.9199981689453,134.80999755859375,12723000,10195650,24.79,126.36,167.56,,,50.73,132.0 - 134.2 (24.4%),189.0 - 201.6 (17.1%),194.6 - 208.5 (15.8%),192.0 - 204.0 (14.5%)
2025-09-17,135.0,146.5,128.25999450683594,131.0399932861328,19405300,10681510,81.67,126.15,165.35,,,48.59,132.0 - 134.2 (22.3%),176.4 - 189.0 (12.9%),194.6 - 208.5 (15.6%),192.0 - 204.0 (14.3%)
2025-09-18,134.74000549316406,143.5800018310547,134.07000732421875,140.4199981689453,15939000,10981255,45.15,126.28,163.98,,,53.81,131.6 - 134.4 (25.7%),176.4 - 189.0 (12.8%),194.6 - 208.5 (15.5%),192.0 - 204.0 (14.1%)
2025-09-19,145.0500030517578,147.6999969482422,139.52999877929688,144.13999938964844,16115600,11537705,39.68,126.9,163.08,,,55.73,131.2 - 134.4 (20.0%),176.4 - 189.0 (13.6%),194.6 - 208.5 (15.3%),192.0 - 204.0 (14.0%)
2025-09-22,139.8800048828125,140.7100067138672,134.55999755859375,137.63999938964844,9117400,11328120,-19.52,127.03,161.81,,,51.69,131.2 - 134.4 (19.1%),132.6 - 142.8 (12.2%),194.6 - 208.5 (15.2%),192.0 - 204.0 (13.9%)
2025-09-23,138.6699981689453,141.60000610351562,130.6999969482422,130.97000122070312,8952100,11254735,-20.46,127.31,160.99,,,47.85,131.2 - 134.4 (19.2%),132.6 - 142.8 (12.9%),194.6 - 208.5 (15.2%),192.0 - 204.0 (13.9%)
2025-09-24,133.72999572753906,136.33999633789062,130.0399932861328,131.5800018310547,9155800,11366360,-19.45,127.44,160.16,,,48.23,131.2 - 134.4 (24.1%),132.6 - 142.8 (13.4%),194.6 - 208.5 (15.1%),192.0 - 204.0 (13.8%)
2025-09-25,128.99000549316406,130.25999450683594,124.30000305175781,124.66000366210938,7729900,11474470,-32.63,127.3,159.03,,,44.3,131.2 - 134.4 (23.9%),132.6 - 142.8 (13.9%),194.6 - 208.5 (15.0%),192.0 - 204.0 (13.7%)
2025-09-26,125.41999816894531,128.49000549316406,122.83000183105469,126.98999786376953,5467800,11468425,-52.32,127.1,158.18,,,45.9,131.2 - 134.4 (24.7%),132.6 - 142.8 (14.6%),194.6 - 208.5 (15.0%),192.0 - 204.0 (13.7%)
2025-09-29,129.5,137.8000030517578,128.5,133.66000366210938,10474600,11585125,-9.59,127.19,157.26,,,50.29,132.0 - 135.0 (32.0%),132.6 - 142.8 (16.1%),194.6 - 208.5 (14.9%),192.0 - 204.0 (13.6%)
2025-09-30,136.1999969482422,137.99000549316406,132.3699951171875,132.5800018310547,7965500,11469780,-30.55,127.81,156.01,,,49.59,132.0 - 135.0 (36.5%),132.6 - 142.8 (16.6%),194.6 - 208.5 (14.8%),192.0 - 204.0 (13.5%)
2025-10-01,133.6199951171875,137.26699829101562,127.5999984741211,129.02999877929688,9067300,11449480,-20.81,128.34,154.75,,,47.25,133.0 - 134.9 (32.4%),132.6 - 142.8 (16.8%),194.6 - 208.5 (14.7%),192.0 - 204.0 (13.5%)
2025-10-02,133.4499969482422,152.0500030517578,132.75,149.72000122070312,19216200,12090610,58.93,129.95,153.9,,,59.3,132.5 - 135.0 (24.4%),132.6 - 142.8 (16.7%),194.6 - 208.5 (14.6%),192.0 - 204.0 (13.3%)
2025-10-03,148.39999389648438,156.47000122070312,144.13999938964844,145.77999877929688,19333300,12480050,54.91,131.51,152.94,,,56.64,132.5 - 135.0 (23.9%),132.6 - 142.8 (16.3%),194.6 - 208.5 (14.4%),192.0 - 204.0 (13.2%)
2025-10-06,154.00999450683594,154.1719970703125,145.55999755859375,148.50999450683594,10810000,12600030,-14.21,133.31,152.3,,,58.04,130.0 - 132.5 (20.7%),132.6 - 142.8 (16.7%),194.6 - 208.5 (14.3%),192.0 - 204.0 (13.1%)
2025-10-07,152.0,157.55999755859375,144.1840057373047,148.72000122070312,12330800,12761635,-3.38,134.85,151.36,,,58.16,147.5 - 150.0 (23.4%),132.6 - 142.8 (16.9%),194.6 - 208.5 (14.2%),192.0 - 204.0 (13.0%)
2025-10-08,150.3000030517578,152.16000366210938,143.5500030517578,150.4600067138672,11706300,12850675,-8.91,136.69,150.62,,,59.13,148.2 - 150.8 (31.2%),132.6 - 142.8 (17.1%),194.6 - 208.5 (14.1%),192.0 - 204.0 (12.9%)
2025-10-09,150.8000030517578,153.8800048828125,145.8000030517578,150.47999572753906,10237500,12180635,-15.95,137.53,149.24,,,59.14,148.2 - 150.8 (38.3%),132.6 - 142.8 (17.1%),194.6 - 208.5 (14.1%),192.0 - 204.0 (12.8%)
2025-10-10,150.88999938964844,159.47000122070312,132.60499572753906,132.94000244140625,22403100,12536215,78.71,137.91,147.54,,,46.5,148.2 - 150.8 (37.0%),132.6 - 142.8 (19.7%),125.1 - 139.0 (14.9%),192.0 - 204.0 (12.7%)
2025-10-13,138.05999755859375,141.3800048828125,135.11000061035156,137.47000122070312,10351000,12425075,-16.69,138.08,146.1,,,49.5,148.2 - 150.8 (36.7%),132.6 - 142.8 (21.0%),125.1 - 139.0 (15.4%),192.0 - 204.0 (12.6%)
2025-10-14,133.25,138.6199951171875,129.3300018310547,134.4600067138672,7650400,12171445,-37.14,138.06,144.74,,,47.59,148.2 - 150.8 (37.0%),132.6 - 142.8 (22.1%),125.1 - 139.0 (15.7%),192.0 - 204.0 (12.6%)
2025-10-15,137.32000732421875,141.10000610351562,132.5800018310547,134.47999572753906,9018700,11652115,-22.6,138.23,143.67,,,47.61,148.2 - 150.8 (37.0%),132.6 - 142.8 (24.2%),125.1 - 139.0 (16.1%),132.0 - 144.0 (12.6%)
2025-10-16,135.9199981689453,136.8699951171875,127.87999725341797,128.4600067138672,7387800,11224555,-34.18,137.64,142.44,,,43.7,149.5 - 151.8 (23.7%),130.2 - 139.5 (30.0%),125.1 - 139.0 (16.5%),132.0 - 144.0 (12.5%)
2025-10-17,125.25,127.75800323486328,123.08999633789062,126.48999786376953,7837400,10810645,-27.5,136.75,141.33,,,42.47,148.8 - 151.2 (23.4%),129.0 - 137.6 (28.6%),125.1 - 139.0 (16.8%),132.0 - 144.0 (12.5%)
2025-10-20,129.7899932861328,135.72900390625,128.25,130.80999755859375,9339400,10821745,-13.7,136.41,140.3,,,46.05,148.8 - 151.2 (23.6%),127.5 - 135.0 (26.7%),125.1 - 139.0 (17.2%),132.0 - 144.0 (12.4%)
2025-10-21,130.4499969482422,133.0,125.6500015258789,129.85000610351562,9603000,10854290,-11.53,136.36,139.37,,,45.38,148.8 - 151.2 (23.3%),127.5 - 135.0 (28.3%),125.1 - 139.0 (17.6%),132.0 - 144.0 (12.4%)
2025-10-22,128.57000732421875,131.0,122.5,124.79000091552734,8810200,10837010,-18.7,136.02,138.42,,,41.88,148.2 - 150.8 (36.5%),127.3 - 134.0 (23.3%),125.1 - 139.0 (17.6%),132.0 - 144.0 (12.3%)
2025-10-23,124.9800033569336,130.00999450683594,124.30999755859375,129.86000061035156,6896100,10795320,-36.12,136.28,137.41,,,46.34,148.2 - 150.8 (27.5%),127.3 - 134.0 (24.4%),125.1 - 139.0 (17.9%),132.0 - 144.0 (12.3%)
2025-10-24,132.9600067138672,144.02999877929688,131.02000427246094,142.0500030517578,15678700,11305865,38.68,137.03,136.72,,,55.23,148.2 - 150.8 (28.2%),130.0 - 136.5 (26.8%),125.1 - 139.0 (17.7%),132.0 - 144.0 (13.0%)
2025-10-27,146.92999267578125,147.44000244140625,138.10000610351562,143.2899932861328,9715600,11267915,-13.78,137.51,136.31,,,56.03,132.6 - 135.2 (24.6%),130.0 - 136.5 (26.8%),125.1 - 139.0 (17.6%),132.0 - 144.0 (13.4%)
2025-10-28,143.25,143.3800048828125,135.85000610351562,136.11000061035156,7857500,11262515,-30.23,137.69,135.83,,,50.42,132.6 - 135.2 (25.3%),130.0 - 136.5 (27.9%),125.1 - 139.0 (17.9%),132.0 - 144.0 (13.7%)
2025-10-29,136.0,136.0500030517578,129.67999267578125,131.74000549316406,7593600,11188830,-32.13,137.82,135.46,,,47.32,132.6 - 135.2 (26.0%),129.8 - 135.7 (30.2%),125.1 - 139.0 (18.3%),132.0 - 144.0 (13.7%)
2025-10-30,129.97000122070312,130.0,122.48999786376953,122.70999908447266,10751300,10765585,-0.13,136.47,134.81,,,41.62,134.4 - 136.5 (16.3%),133.4 - 138.0 (18.7%),125.1 - 139.0 (18.2%),132.0 - 144.0 (13.6%)
2025-10-31,126.30999755859375,129.39999389648438,124.87999725341797,126.9800033569336,6616900,10129765,-34.68,135.53,134.38,,,44.99,134.4 - 136.5 (18.2%),132.0 - 136.4 (19.0%),125.1 - 139.0 (18.4%),132.0 - 144.0 (13.6%)
2025-11-03,125.75,125.75,117.82599639892578,117.86000061035156,9050500,10041790,-9.87,134.0,133.69,,,39.72,127.5 - 130.0 (17.9%),130.2 - 134.4 (20.8%),125.1 - 139.0 (18.4%),132.0 - 144.0 (13.5%)
2025-11-04,113.79000091552734,117.19999694824219,108.9000015258789,111.25,10279100,9939205,3.42,132.13,132.86,,,36.38,128.0 - 131.2 (24.4%),129.0 - 133.3 (18.8%),125.1 - 139.0 (18.3%),132.0 - 144.0 (13.4%)
2025-11-05,113.0999984741211,114.8499984741211,111.94000244140625,113.02999877929688,6050000,9656390,-37.35,130.26,132.02,,,37.89,128.0 - 131.2 (24.9%),129.0 - 133.3 (18.8%),125.1 - 139.0 (18.2%),132.0 - 144.0 (13.4%)
2025-11-06,113.05000305175781,113.36000061035156,100.0,100.01000213623047,11702600,9729645,20.28,127.73,131.14,,,31.92,129.0 - 133.3 (24.3%),132.5 - 137.8 (21.7%),125.1 - 139.0 (18.1%),132.0 - 144.0 (13.3%)
2025-11-07,99.0,103.33000183105469,96.0999984741211,103.13999938964844,9524300,9085705,4.83,126.24,130.54,,,34.59,129.0 - 133.3 (24.0%),132.5 - 137.8 (21.7%),125.1 - 139.0 (18.0%),132.0 - 144.0 (13.3%)
2025-11-10,107.80000305175781,110.53500366210938,102.58000183105469,104.0999984741211,8568000,8996555,-4.76,124.57,129.78,,,35.43,141.9 - 146.2 (18.3%),132.5 - 137.8 (21.8%),125.1 - 139.0 (17.9%),132.0 - 144.0 (13.2%)
2025-11-11,102.05000305175781,102.48999786376953,97.94999694824219,98.30000305175781,8745300,9051300,-3.38,122.77,129.06,,,32.71,139.5 - 144.0 (18.4%),133.4 - 138.0 (19.6%),125.1 - 139.0 (17.9%),132.0 - 144.0 (13.1%)
2025-11-12,93.8499984741211,95.5199966430664,85.86000061035156,86.30000305175781,39011300,10550930,269.74,120.36,128.25,,,27.93,85.5 - 91.2 (23.2%),132.5 - 137.8 (21.9%),125.1 - 139.0 (17.5%),132.0 - 144.0 (12.9%)
2025-11-13,86.0199966430664,88.41999816894531,81.37999725341797,82.33999633789062,52219400,12792510,308.2,118.05,127.32,,,26.55,79.3 - 85.4 (24.5%),131.1 - 136.8 (22.2%),125.1 - 139.0 (17.1%),133.1 - 145.2 (11.9%)
2025-11-14,83.5,85.05000305175781,81.5,81.88999938964844,37549600,14278120,162.99,115.82,126.49,,,26.39,79.3 - 85.4 (38.2%),131.1 - 136.8 (21.8%),126.0 - 140.0 (16.4%),133.1 - 145.2 (11.7%)
2025-11-17,81.79000091552734,81.9000015258789,75.0999984741211,76.58999633789062,23753300,14998815,58.37,113.11,125.52,,,24.52,78.0 - 84.0 (36.0%),130.2 - 136.4 (27.0%),129.6 - 144.0 (16.3%),125.0 - 137.5 (15.8%)
2025-11-18,75.62000274658203,78.1500015258789,75.04299926757812,76.5999984741211,16437600,15340545,7.15,110.45,124.71,,,24.53,77.0 - 82.5 (34.8%),130.2 - 136.4 (25.5%),129.6 - 144.0 (16.2%),125.0 - 137.5 (15.6%)
2025-11-19,76.48999786376953,76.5999984741211,67.55000305175781,69.72000122070312,28886500,16344360,76.74,107.69,123.72,,,22.17,79.8 - 85.5 (32.2%),127.3 - 134.0 (22.7%),119.2 - 134.1 (14.0%),129.0 - 141.9 (15.6%)
2025-11-20,71.29000091552734,71.40499877929688,64.91999816894531,66.93000030517578,20369400,17018025,19.69,104.55,122.71,,,21.28,78.0 - 84.0 (31.1%),126.0 - 133.0 (19.9%),120.8 - 135.9 (15.7%),131.0 - 144.1 (14.1%)
2025-11-21,66.92500305175781,72.33000183105469,66.13999938964844,71.33000183105469,19456200,17206900,13.07,101.01,121.72,,,26.33,81.6 - 86.7 (42.7%),126.0 - 133.0 (19.8%),120.8 - 135.9 (15.6%),131.0 - 144.1 (13.9%)
2025-11-24,72.0,73.43000030517578,69.61000061035156,72.73999786376953,15679700,17505105,-10.43,97.48,120.73,145.53,,27.92,78.2 - 82.8 (29.1%),126.0 - 133.0 (19.7%),120.8 - 135.9 (15.5%),131.0 - 144.1 (13.8%)
2025-11-25,69.13999938964844,70.11000061035156,68.052001953125,70.11000061035156,12630900,17743775,-28.82,94.18,119.89,145.43,,26.76,78.2 - 82.8 (28.9%),126.0 - 133.0 (18.7%),120.8 - 135.9 (15.4%),131.0 - 144.1 (13.8%)
2025-11-26,71.1500015258789,73.29000091552734,68.86000061035156,72.63999938964844,15840800,18156135,-12.75,91.23,119.13,145.13,,29.79,81.4 - 85.1 (28.0%),126.0 - 133.0 (17.8%),120.8 - 135.9 (15.3%),131.0 - 144.1 (13.7%)
2025-11-28,75.30999755859375,81.4800033569336,74.0199966430664,79.93000030517578,22254900,18731315,18.81,89.09,118.5,144.84,,37.78,81.4 - 85.1 (27.9%),126.0 - 133.0 (16.0%),120.8 - 135.9 (15.1%),131.0 - 144.1 (13.5%)
2025-12-01,77.48999786376953,79.83999633789062,75.2300033569336,75.94000244140625,18852700,19343105,-2.54,86.54,117.86,144.59,,35.41,80.6 - 83.7 (27.1%),126.0 - 133.0 (15.7%),120.8 - 135.9 (15.0%),131.0 - 144.1 (13.4%)
2025-12-02,78.4000015258789,80.7300033569336,77.18000030517578,77.44000244140625,16567100,19718935,-15.98,84.52,117.28,144.26,,37.01,81.7 - 83.6 (26.4%),126.0 - 133.0 (15.6%),120.8 - 135.9 (14.9%),131.0 - 144.1 (13.3%)
2025-12-03,78.38999938964844,86.58999633789062,75.97000122070312,86.29000091552734,21053700,20257665,3.93,83.27,116.75,144.09,,45.59,81.7 - 83.6 (27.9%),126.0 - 133.0 (15.4%),120.8 - 135.9 (14.8%),131.0 - 144.1 (13.2%)
2025-12-04,83.9800033569336,88.2699966430664,83.19999694824219,87.45999908447266,14235400,20666935,-31.12,81.99,116.31,143.7,,46.63,75.6 - 77.7 (26.7%),126.0 - 133.0 (15.3%),120.8 - 135.9 (14.7%),131.0 - 144.1 (13.1%)
2025-12-05,86.08999633789062,86.66000366210938,83.13999938964844,85.62000274658203,10474100,20605510,-49.17,81.27,115.51,143.16,,45.17,75.6 - 77.7 (29.5%),126.0 - 133.0 (15.3%),120.8 - 135.9 (14.6%),131.0 - 144.1 (13.1%)
2025-12-08,86.94499969482422,87.41000366210938,81.33999633789062,83.95999908447266,10024600,20630525,-51.41,80.31,114.82,142.62,,43.84,69.3 - 71.4 (25.1%),77.0 - 84.0 (15.4%),120.8 - 135.9 (14.6%),131.0 - 144.1 (13.0%)
2025-12-09,83.2300033569336,89.9800033569336,81.76000213623047,88.87999725341797,14570000,20930625,-30.39,79.55,114.07,141.69,,48.66,68.2 - 70.4 (17.2%),77.0 - 84.0 (15.3%),120.8 - 135.9 (14.5%),131.0 - 144.1 (13.0%)
2025-12-10,87.33999633789062,89.55000305175781,85.05000305175781,88.41000366210938,9329300,20959825,-55.49,79.06,113.29,140.43,,48.24,85.8 - 88.0 (15.9%),77.0 - 84.0 (15.3%),120.8 - 135.9 (14.4%),131.0 - 144.1 (12.9%)
2025-12-11,85.8499984741211,89.26000213623047,83.33000183105469,88.56999969482422,11154500,19566985,-42.99,79.17,112.59,138.97,,48.4,87.4 - 89.3 (23.2%),77.0 - 84.0 (15.5%),75.5 - 90.6 (14.7%),131.0 - 144.1 (12.9%)
2025-12-12,89.52999877929688,91.30000305175781,82.02999877929688,83.47000122070312,13858000,17648915,-21.48,79.23,111.64,137.81,,43.61,87.4 - 89.3 (23.9%),77.0 - 84.0 (17.1%),75.5 - 90.6 (15.2%),131.0 - 144.1 (12.8%)
2025-12-15,83.8499984741211,84.18000030517578,74.73400115966797,75.45999908447266,15025000,16522685,-9.06,78.9,110.49,136.78,,37.36,87.4 - 89.3 (23.9%),77.0 - 84.0 (17.0%),75.5 - 90.6 (15.1%),131.0 - 144.1 (12.7%)
2025-12-16,77.86000061035156,83.5,77.33000183105469,83.0,15029100,16086475,-6.57,79.23,109.58,135.7,,45.31,88.0 - 89.6 (16.8%),77.0 - 84.0 (18.6%),75.5 - 90.6 (15.6%),78.6 - 91.7 (12.6%)
2025-12-17,82.87999725341797,85.73999786376953,79.08000183105469,79.19999694824219,10977800,15813485,-30.58,79.36,108.72,134.85,,42.39,88.4 - 89.7 (17.2%),77.0 - 84.0 (20.0%),75.5 - 90.6 (16.0%),78.6 - 91.7 (13.0%)
2025-12-18,82.73999786376953,84.47000122070312,80.08000183105469,80.98999786376953,10406200,14889470,-30.11,79.92,107.88,134.02,,44.21,88.4 - 89.7 (16.4%),77.0 - 84.0 (21.3%),75.5 - 90.6 (16.3%),78.6 - 91.7 (13.4%)
2025-12-19,82.43499755859375,86.30000305175781,82.43000030517578,86.12999725341797,13856900,14563845,-4.85,80.88,107.23,133.13,,49.19,88.4 - 89.7 (17.1%),77.0 - 84.0 (21.4%),75.5 - 90.6 (16.8%),78.6 - 91.7 (13.8%)
2025-12-22,87.73999786376953,91.19999694824219,86.43000030517578,87.0,10721200,14127095,-24.11,81.66,106.57,132.37,,50.0,85.8 - 87.1 (23.1%),77.0 - 84.0 (21.4%),75.5 - 90.6 (17.1%),78.6 - 91.7 (14.2%)
2025-12-23,84.80000305175781,85.56999969482422,81.0199966430664,82.7300033569336,9394700,13812845,-31.99,82.16,105.72,131.49,,46.1,85.8 - 87.1 (24.0%),77.0 - 84.0 (22.4%),75.5 - 90.6 (17.4%),78.6 - 91.7 (14.5%)
2025-12-24,82.72000122070312,83.04499816894531,79.86000061035156,82.63999938964844,6401500,13501375,-52.59,82.79,104.89,130.45,,46.02,88.4 - 89.7 (20.0%),77.0 - 84.0 (23.2%),75.5 - 90.6 (17.7%),78.6 - 91.7 (14.7%)
2025-12-26,82.38999938964844,82.5,79.70999908447266,81.2699966430664,6140600,13016365,-52.82,83.22,104.09,129.42,,44.73,88.4 - 89.7 (22.3%),77.0 - 84.0 (24.1%),75.5 - 90.6 (17.8%),78.6 - 91.7 (14.9%)
2025-12-29,79.24500274658203,83.03600311279297,79.12300109863281,80.51000213623047,7400500,12273645,-39.7,83.25,102.94,128.42,,43.99,88.4 - 89.7 (22.7%),77.0 - 84.0 (25.0%),75.5 - 90.6 (18.1%),78.6 - 91.7 (15.2%)
2025-12-30,80.18000030517578,82.88999938964844,79.6500015258789,79.88999938964844,7561700,11709095,-35.42,83.45,101.84,127.39,,43.36,81.9 - 83.2 (20.9%),77.0 - 84.0 (25.9%),75.5 - 90.6 (18.3%),78.6 - 91.7 (15.4%)
2025-12-31,79.95999908447266,80.38999938964844,78.7699966430664,79.30000305175781,5754000,11168440,-48.48,83.54,100.69,126.49,,42.73,81.9 - 83.2 (21.5%),77.0 - 84.0 (26.7%),75.5 - 90.6 (18.5%),78.6 - 91.7 (15.6%)
2026-01-02,80.83999633789062,84.58000183105469,79.62000274658203,83.47000122070312,8382500,10534880,-20.43,83.4,99.6,125.48,,48.41,80.4 - 81.6 (18.8%),77.0 - 84.0 (28.6%),75.5 - 90.6 (18.8%),78.6 - 91.7 (15.9%)
2026-01-05,84.57499694824219,88.05999755859375,84.0999984741211,84.80000305175781,9112400,10278730,-11.35,83.27,98.5,124.56,,50.11,82.4 - 83.2 (25.4%),77.0 - 84.0 (28.7%),75.5 - 90.6 (19.0%),78.6 - 91.7 (16.2%)
2026-01-06,86.0,86.19999694824219,81.947998046875,84.8499984741211,7456700,10127860,-26.37,83.23,97.41,123.32,,50.17,84.8 - 85.6 (14.6%),77.0 - 84.0 (28.9%),75.5 - 90.6 (19.3%),78.6 - 91.7 (16.4%)
2026-01-07,83.19000244140625,83.5999984741211,80.52999877929688,80.58999633789062,6610400,9957150,-33.61,83.06,96.54,122.04,,44.71,84.8 - 85.6 (15.2%),77.0 - 84.0 (29.8%),75.5 - 90.6 (19.5%),78.6 - 91.7 (16.6%)
2026-01-08,79.9000015258789,82.72000122070312,78.8499984741211,81.79000091552734,5375000,9497400,-43.41,82.7,95.61,120.85,,46.48,84.8 - 85.6 (15.9%),76.8 - 83.2 (26.7%),75.5 - 90.6 (19.6%),78.6 - 91.7 (16.8%)
2026-01-09,82.19999694824219,84.33000183105469,79.44999694824219,82.9000015258789,7686400,9415255,-18.36,82.43,94.75,119.74,,48.13,82.4 - 83.2 (24.0%),76.8 - 83.2 (28.2%),75.5 - 90.6 (19.9%),78.6 - 91.7 (17.0%)
2026-01-12,81.13999938964844,83.12000274658203,79.8499984741211,82.9000015258789,6863200,9200690,-25.41,82.14,93.89,118.78,,48.13,84.6 - 85.2 (17.6%),76.8 - 83.2 (29.2%),75.5 - 90.6 (20.1%),78.6 - 91.7 (17.2%)
2026-01-13,83.23500061035156,84.27999877929688,80.29000091552734,83.45999908447266,8436100,8929595,-5.53,82.14,93.14,117.79,,49.05,83.4 - 84.0 (18.0%),76.8 - 83.2 (29.1%),75.5 - 90.6 (20.3%),78.6 - 91.7 (17.5%)
2026-01-14,84.98999786376953,88.45999908447266,81.75,84.80000305175781,14373600,8897025,61.56,82.61,92.45,116.89,,51.28,84.6 - 85.2 (30.6%),76.8 - 83.2 (28.9%),75.5 - 90.6 (20.8%),78.6 - 91.7 (17.9%)
2026-01-15,83.47000122070312,83.79000091552734,76.11000061035156,76.5999984741211,16933700,8992255,88.31,82.29,91.54,115.92,,39.81,84.8 - 85.6 (26.2%),76.8 - 83.2 (28.6%),75.5 - 90.6 (21.3%),78.6 - 91.7 (17.8%)
2026-01-16,76.73999786376953,80.0199966430664,75.58000183105469,78.61000061035156,9931600,8939945,11.09,82.26,90.69,115.03,,43.16,84.8 - 85.6 (25.4%),76.8 - 83.2 (29.7%),75.5 - 90.6 (21.5%),78.6 - 91.7 (18.1%)
2026-01-20,75.69999694824219,77.47000122070312,72.62000274658203,72.69999694824219,12061500,9022710,33.68,81.85,89.82,114.12,,36.69,82.8 - 84.0 (26.4%),76.8 - 83.2 (30.0%),75.5 - 90.6 (21.5%),78.6 - 91.7 (18.0%)
2026-01-21,72.9000015258789,74.58999633789062,70.41999816894531,72.63999938964844,8343200,8747025,-4.62,81.17,88.87,113.14,,36.63,82.8 - 84.0 (25.8%),76.8 - 83.2 (30.0%),75.5 - 90.6 (21.4%),78.6 - 91.7 (18.0%)
2026-01-22,73.55000305175781,73.80999755859375,70.76000213623047,71.3499984741211,7345900,8578260,-14.37,80.39,87.69,112.2,,35.29,82.6 - 84.0 (24.3%),76.8 - 83.2 (30.0%),75.5 - 90.6 (21.3%),78.6 - 91.7 (17.9%)
2026-01-23,70.86000061035156,72.55000305175781,69.87999725341797,71.33000183105469,7506200,8483835,-11.52,79.82,86.49,111.4,,35.27,84.0 - 85.4 (24.2%),76.8 - 83.2 (30.3%),75.5 - 90.6 (21.3%),78.6 - 91.7 (17.9%)
2026-01-26,70.01000213623047,72.43000030517578,69.8499984741211,70.9000015258789,7238000,8525660,-15.1,79.23,85.4,110.62,,34.78,82.6 - 84.0 (18.2%),81.2 - 87.0 (37.7%),75.5 - 90.6 (21.2%),78.6 - 91.7 (17.8%)
2026-01-27,70.37999725341797,70.53800201416016,67.5,69.95999908447266,10213400,8729300,17.0,78.67,84.37,109.92,,33.67,82.5 - 84.0 (17.8%),81.0 - 86.4 (37.6%),75.5 - 90.6 (21.1%),78.6 - 91.7 (17.8%)
2026-01-28,72.86000061035156,77.0,71.91000366210938,72.83999633789062,16300600,9174305,77.68,78.28,83.54,109.18,,39.96,72.0 - 73.5 (26.5%),80.0 - 85.0 (29.8%),75.5 - 90.6 (21.0%),78.6 - 91.7 (17.7%)
2026-01-29,70.30500030517578,70.5999984741211,65.75,67.55000305175781,16968100,9644625,75.93,77.67,82.55,108.46,,33.65,71.4 - 73.1 (24.4%),80.0 - 85.0 (29.6%),75.5 - 90.6 (20.9%),78.6 - 91.7 (17.6%)
2026-01-30,66.5999984741211,66.91000366210938,61.8849983215332,63.93000030517578,15737900,10143820,55.15,76.9,81.65,107.67,,30.14,71.4 - 73.5 (23.2%),81.0 - 85.5 (26.3%),76.5 - 91.8 (20.1%),79.8 - 93.1 (16.5%)
2026-02-02,61.5,61.869998931884766,58.40999984741211,58.86000061035156,14468200,10448105,38.48,75.67,80.78,106.82,,26.05,70.2 - 72.8 (25.6%),81.0 - 85.5 (26.1%),78.5 - 94.2 (17.4%),81.6 - 95.2 (14.3%)
2026-02-03,60.16600036621094,60.16600036621094,53.7599983215332,56.15999984741211,16819300,10833450,55.25,74.24,79.83,105.93,,24.17,72.5 - 75.4 (21.1%),79.9 - 84.6 (27.8%),79.5 - 95.4 (16.3%),69.0 - 82.8 (16.4%)
2026-02-04,56.185001373291016,56.290000915527344,51.52000045776367,55.04999923706055,14496000,11185415,29.6,72.75,79.08,105.11,,23.42,72.0 - 74.4 (21.1%),82.0 - 86.1 (21.1%),80.0 - 96.0 (15.2%),69.5 - 83.4 (19.1%)
2026-02-05,53.630001068115234,54.47800064086914,49.900001525878906,50.22999954223633,15489000,11629345,33.19,71.23,78.2,104.37,,20.45,70.0 - 72.8 (24.6%),81.0 - 85.5 (25.6%),65.6 - 82.0 (15.2%),71.0 - 85.2 (19.4%)
2026-02-06,53.80500030517578,57.79999923706055,53.619998931884766,57.040000915527344,17508700,12236030,43.09,69.99,77.41,103.6,,33.3,71.3 - 73.6 (28.6%),81.0 - 85.5 (25.3%),65.6 - 82.0 (15.1%),71.0 - 85.2 (19.3%)
2026-02-09,56.33000183105469,60.880001068115234,55.7599983215332,60.099998474121094,10755400,12389480,-13.19,68.85,76.78,102.92,,38.14,71.3 - 73.6 (27.0%),80.0 - 84.0 (24.5%),65.6 - 82.0 (15.1%),71.0 - 85.2 (19.2%)
2026-02-10,58.540000915527344,62.0,58.29999923706055,59.75,7515500,12422095,-39.5,67.69,76.34,102.29,,37.8,71.3 - 73.6 (21.2%),80.0 - 83.2 (19.8%),65.6 - 82.0 (15.0%),71.0 - 85.2 (19.2%)
2026-02-11,59.11000061035156,59.16999816894531,55.88999938964844,57.86000061035156,8585500,12429565,-30.93,66.41,75.93,101.62,,35.95,55.2 - 57.5 (18.4%),80.0 - 83.2 (20.6%),65.6 - 82.0 (15.0%),71.0 - 85.2 (19.1%)
2026-02-12,58.75,58.75,55.310001373291016,56.630001068115234,8567200,12139245,-29.43,65.0,75.51,101.0,,34.76,55.2 - 57.5 (22.8%),80.0 - 83.2 (15.1%),65.6 - 82.0 (14.9%),71.0 - 85.2 (19.0%)
2026-02-13,58.439998626708984,62.20000076293945,57.22999954223633,60.040000915527344,12023900,11893755,1.09,64.18,75.23,100.37,,40.64,55.2 - 57.5 (22.3%),83.2 - 86.4 (15.3%),65.6 - 82.0 (14.9%),71.0 - 85.2 (19.0%)
2026-02-17,59.27000045776367,62.900001525878906,57.02000045776367,61.619998931884766,9686900,11881520,-18.47,63.33,74.98,99.84,,43.19,55.2 - 57.5 (23.2%),83.2 - 86.4 (16.0%),65.6 - 82.0 (14.8%),71.0 - 85.2 (18.9%)
2026-02-18,62.125,64.69999694824219,61.20000076293945,63.150001525878906,7462500,11651570,-35.95,62.85,74.87,99.29,,45.63,56.1 - 57.8 (24.4%),83.2 - 86.4 (16.5%),65.6 - 82.0 (14.8%),71.0 - 85.2 (18.8%)
2026-02-19,62.26499938964844,62.849998474121094,59.79999923706055,61.91999816894531,6951600,11581990,-39.98,62.31,74.79,98.75,,44.0,58.8 - 60.2 (27.0%),83.2 - 86.4 (16.8%),65.6 - 82.0 (14.7%),71.0 - 85.2 (18.8%)
2026-02-20,62.25,65.5,61.5,63.02000045776367,9415100,11685450,-19.43,61.9,74.65,98.18,,45.87,55.9 - 57.2 (26.9%),83.2 - 86.4 (17.0%),65.6 - 82.0 (14.7%),71.0 - 85.2 (18.7%)
2026-02-23,62.095001220703125,63.130001068115234,59.83000183105469,61.16999816894531,8797200,11750000,-25.13,61.39,74.46,97.59,,43.25,55.9 - 57.2 (27.8%),83.2 - 86.4 (17.2%),65.6 - 82.0 (14.7%),71.0 - 85.2 (18.7%)
2026-02-24,60.38999938964844,62.95000076293945,59.459999084472656,61.369998931884766,8283500,11802275,-29.81,60.91,74.31,97.1,,43.62,61.1 - 62.4 (23.2%),83.2 - 86.4 (17.3%),65.6 - 82.0 (14.6%),71.0 - 85.2 (18.6%)
2026-02-25,73.7699966430664,83.3499984741211,71.19000244140625,83.13999938964844,63849900,14484100,340.83,61.57,74.49,96.81,,68.2,59.4 - 62.7 (32.8%),80.0 - 83.2 (20.0%),65.6 - 82.0 (14.3%),71.0 - 85.2 (20.3%)
2026-02-26,81.56500244140625,90.5999984741211,81.2300033569336,87.20999908447266,41836500,15760895,165.44,62.29,74.61,96.56,,70.77,58.9 - 62.0 (28.9%),80.0 - 83.2 (18.9%),82.0 - 98.4 (15.4%),71.0 - 85.2 (20.1%)
2026-02-27,83.62000274658203,84.9800033569336,80.97000122070312,83.44000244140625,19295200,15877250,21.53,63.08,74.73,96.3,,65.49,80.6 - 83.7 (37.3%),80.0 - 83.2 (19.0%),82.0 - 98.4 (15.9%),71.0 - 85.2 (20.6%)
2026-03-02,80.80000305175781,96.61000061035156,80.2300033569336,96.13999938964844,32855500,16733130,96.35,64.69,75.04,96.16,,72.84,80.0 - 84.0 (33.9%),79.8 - 83.6 (26.1%),82.0 - 98.4 (16.8%),71.0 - 85.2 (20.3%)
2026-03-03,91.5,104.30000305175781,91.12999725341797,99.62999725341797,33367000,17678070,88.75,66.73,75.27,96.01,,74.44,81.7 - 86.0 (30.7%),82.0 - 86.1 (26.5%),82.0 - 98.4 (16.6%),71.0 - 85.2 (20.1%)
2026-03-04,102.80000305175781,106.3499984741211,101.4000015258789,105.2699966430664,24171000,18045655,33.94,69.19,75.56,95.94,,76.83,78.4 - 83.3 (22.3%),82.8 - 87.4 (32.8%),82.0 - 98.4 (16.5%),71.0 - 85.2 (20.0%)
2026-03-05,105.2699966430664,110.12000274658203,103.30000305175781,105.73999786376953,20902200,18365965,13.81,71.72,75.9,95.7,,77.03,82.8 - 87.4 (41.8%),82.8 - 87.4 (32.5%),82.0 - 98.4 (16.4%),71.0 - 85.2 (19.9%)
2026-03-06,102.81999969482422,106.29000091552734,100.06999969482422,101.91000366210938,19662200,18574625,5.86,74.31,76.2,95.51,,71.79,81.0 - 85.5 (27.1%),82.8 - 87.4 (30.8%),82.0 - 98.4 (16.3%),71.0 - 85.2 (19.7%)
2026-03-09,105.20999908447266,112.66000366210938,104.9000015258789,111.83999633789062,21509600,18774670,14.57,77.05,76.58,95.32,,76.29,81.6 - 86.7 (25.3%),81.6 - 86.7 (25.4%),82.0 - 98.4 (16.2%),71.0 - 85.2 (19.6%)
2026-03-10,113.44000244140625,121.80000305175781,112.80000305175781,118.08999633789062,24161100,19444955,24.25,79.95,77.08,95.18,,78.6,79.8 - 85.5 (24.3%),79.8 - 85.5 (28.0%),82.0 - 98.4 (16.0%),71.0 - 85.2 (19.5%)
2026-03-11,119.80000305175781,123.3949966430664,111.72000122070312,112.80999755859375,19437400,20041050,-3.01,82.6,77.48,95.03,,72.19,79.8 - 85.5 (23.5%),79.8 - 85.5 (27.7%),82.0 - 98.4 (15.9%),71.0 - 85.2 (19.3%)
2026-03-12,113.04499816894531,117.77999877929688,112.1500015258789,114.18000030517578,12296200,20226585,-39.21,85.42,77.99,94.81,,72.81,79.8 - 85.5 (23.1%),79.8 - 85.5 (27.6%),82.0 - 98.4 (15.9%),71.0 - 85.2 (19.3%)
2026-03-13,118.33499908447266,119.30000305175781,113.16000366210938,115.37999725341797,11354300,20365940,-44.25,88.35,78.66,94.57,,73.37,79.8 - 85.5 (23.0%),79.8 - 85.5 (26.1%),82.0 - 98.4 (15.8%),71.0 - 85.2 (19.2%)
2026-03-16,120.1500015258789,126.5,119.7699966430664,125.83000183105469,18613500,20695420,-10.06,91.64,79.37,94.48,,77.68,96.0 - 102.4 (23.1%),81.9 - 88.2 (28.7%),82.0 - 98.4 (15.7%),71.0 - 85.2 (19.1%)
2026-03-17,124.01000213623047,136.64999389648438,122.73999786376953,132.30999755859375,23078300,21364990,8.02,95.18,80.26,94.49,,79.86,78.4 - 83.3 (16.5%),81.6 - 88.4 (27.3%),82.0 - 98.4 (15.6%),71.0 - 85.2 (19.0%)
2026-03-18,131.49000549316406,135.48599243164062,128.0,132.83999633789062,16909300,21837330,-22.57,98.66,81.12,94.5,,80.03,83.3 - 88.2 (18.0%),82.8 - 89.7 (24.6%),82.0 - 98.4 (15.6%),71.0 - 85.2 (18.9%)
2026-03-19,126.32499694824219,129.74000549316406,121.41000366210938,128.3300018310547,19498400,22464670,-13.2,101.98,81.82,94.53,,74.24,98.0 - 102.9 (16.7%),82.8 - 89.7 (24.4%),82.0 - 98.4 (15.5%),71.0 - 85.2 (18.8%)
2026-03-20,127.9749984741211,132.3800048828125,122.91000366210938,126.02999877929688,22700800,23128955,-1.85,105.13,82.47,94.52,,71.4,125.8 - 129.5 (19.0%),82.8 - 89.7 (22.5%),82.0 - 98.4 (15.4%),71.0 - 85.2 (18.6%)
2026-03-23,124.1500015258789,127.4800033569336,121.31999969482422,126.63999938964844,15857900,23481990,-32.47,108.41,83.21,94.46,,71.71,125.4 - 128.7 (25.3%),82.8 - 89.7 (21.2%),82.0 - 98.4 (15.3%),71.0 - 85.2 (18.6%)
2026-03-24,126.3499984741211,127.08000183105469,98.30999755859375,101.16999816894531,57254200,25930525,120.8,110.4,83.51,94.2,,48.26,99.2 - 102.4 (23.5%),82.8 - 89.7 (20.1%),82.0 - 98.4 (15.1%),71.0 - 85.2 (18.3%)
2026-03-25,106.7699966430664,110.25,101.5999984741211,103.86000061035156,22176500,23846855,-7.0,111.43,83.89,93.99,,50.11,99.2 - 102.4 (23.6%),82.8 - 89.7 (19.8%),82.0 - 98.4 (15.0%),71.0 - 85.2 (18.1%)
2026-03-26,101.91000366210938,103.55000305175781,97.30999755859375,98.2699966430664,15672000,22538630,-30.47,111.99,84.19,93.56,,46.39,98.0 - 101.5 (22.8%),82.8 - 89.7 (19.4%),82.0 - 98.4 (15.3%),71.0 - 85.2 (18.1%)
2026-03-27,97.73999786376953,97.77999877929688,90.8499984741211,93.66000366210938,14551600,22301450,-34.75,112.5,84.42,93.13,,43.52,124.8 - 128.7 (24.3%),82.8 - 89.7 (19.3%),82.0 - 98.4 (15.7%),71.0 - 85.2 (18.0%)
2026-03-30,96.26000213623047,96.5,88.26799774169922,89.91000366210938,12851300,21301240,-39.67,112.18,84.59,92.64,,41.28,124.7 - 129.0 (25.0%),82.8 - 89.7 (19.2%),82.0 - 98.4 (16.0%),71.0 - 85.2 (17.9%)
2026-03-31,91.25,97.80000305175781,89.4000015258789,95.41000366210938,13703100,20318045,-32.56,111.97,84.79,92.19,,45.69,124.7 - 129.0 (25.9%),82.8 - 89.7 (19.1%),82.0 - 98.4 (16.3%),71.0 - 85.2 (17.9%)
2026-04-01,98.41500091552734,99.45899963378906,90.26000213623047,90.73999786376953,13882800,19803635,-29.9,111.25,84.89,91.7,,42.76,124.7 - 129.0 (26.4%),82.8 - 89.7 (18.9%),82.0 - 98.4 (16.6%),71.0 - 85.2 (17.8%)
2026-04-02,87.44999694824219,90.38999938964844,84.2699966430664,90.26000213623047,12668000,19391925,-34.67,110.47,84.98,91.2,,42.45,124.7 - 129.0 (26.4%),82.8 - 89.7 (18.7%),82.0 - 98.4 (16.9%),71.0 - 85.2 (17.7%)
2026-04-06,93.08999633789062,94.697998046875,91.0199966430664,92.1500015258789,7658200,18791725,-59.25,109.99,85.17,90.86,,44.13,124.7 - 129.0 (21.6%),82.8 - 89.7 (17.1%),82.0 - 98.4 (17.1%),71.0 - 85.2 (17.7%)
2026-04-07,90.97000122070312,95.2750015258789,88.0,94.12000274658203,8346900,18133590,-53.97,109.1,85.38,90.49,,45.89,124.7 - 129.0 (22.9%),82.8 - 89.7 (16.3%),82.0 - 98.4 (17.3%),71.0 - 85.2 (17.6%)
2026-04-08,101.29000091552734,101.81999969482422,93.0,94.44000244140625,10572700,17454170,-39.43,107.92,85.57,90.16,,46.19,125.4 - 129.2 (23.5%),82.8 - 89.7 (16.3%),82.0 - 98.4 (17.5%),71.0 - 85.2 (17.6%)
2026-04-09,93.05999755859375,93.94999694824219,84.5999984741211,85.0999984741211,14780700,17221335,-14.17,106.53,85.61,89.75,,39.38,100.8 - 105.0 (32.7%),82.8 - 89.7 (17.6%),82.0 - 98.4 (17.9%),71.0 - 85.2 (17.9%)
2026-04-10,88.05000305175781,90.33000183105469,84.91000366210938,88.04000091552734,9335700,17073310,-45.32,105.22,85.68,89.41,,42.27,100.8 - 105.0 (34.6%),82.8 - 89.7 (17.7%),82.0 - 98.4 (18.1%),71.0 - 85.2 (17.9%)
2026-04-13,86.33999633789062,96.9800033569336,86.2699966430664,96.30840301513672,6301976,16820693,-62.53,104.27,85.88,89.16,,49.54,100.7 - 102.6 (26.1%),82.8 - 89.7 (17.0%),82.0 - 98.4 (18.2%),71.0 - 85.2 (17.8%)
