Date,Open,High,Low,Close,Volume
2020-08-06,15.9821,20.208,15.538,19.0988,125726613
2020-08-07,21.9749,23.8402,20.1197,22.1086,101254964
2020-08-10,21.5225,21.9749,18.9743,19.2409,29425624
2020-08-11,18.7346,19.1787,17.7936,18.2729,20405929
2020-08-12,18.3351,18.8145,17.0922,17.7583,19557675
2020-08-13,17.0476,17.4025,16.257,16.6388,21535737
2020-08-14,18.0239,18.193,16.5859,16.8349,39213655
2020-08-17,17.2167,17.252,16.7011,16.9055,10033213
2020-08-18,17.4201,18.468,16.9584,17.8818,18340230
2020-08-19,17.8289,19.2316,17.7583,19.0012,18878990
2020-08-20,19.9776,21.7092,19.711,21.123,39451966
2020-08-21,21.9572,24.1505,21.6822,22.9874,44069296
2020-08-24,25.5709,26.6011,24.7274,25.8468,46715624
2020-08-25,26.015,26.1218,24.0706,25.4028,40917932
2020-08-26,24.5769,25.2876,23.5383,24.2574,23806407
2020-08-27,24.2481,25.7223,23.7065,24.0623,20074609
2020-08-28,24.4171,25.7307,24.1301,25.2337,18654909
2020-08-31,26.0419,26.316,23.7511,24.8612,28069390
2020-09-01,25.0386,27.5245,24.6837,27.2672,35613338
2020-09-02,30.135,30.5641,27.178,27.7995,70102015
2020-09-03,24.8788,25.8821,22.9076,23.529,47240528
2020-09-04,23.804,23.9731,20.0305,21.8151,37145080
2020-09-08,20.4393,21.9934,20.0222,20.1903,19026826
2020-09-09,21.1936,22.1709,20.6436,20.7681,17814122
2020-09-10,21.07,21.7445,20.4839,20.5545,11429201
2020-09-11,20.6966,20.8564,19.8624,20.1996,9209222
2020-09-14,20.3687,21.4426,20.3538,21.0431,9767049
2020-09-15,21.4426,21.842,20.6436,20.7412,8265827
2020-09-16,20.5545,20.901,20.1197,20.1727,10048391
2020-09-17,19.5335,20.901,19.2846,20.0398,9004275
2020-09-18,20.1643,20.4569,19.6933,19.7732,16269096
2020-09-21,19.0895,19.6134,18.743,19.0189,9216712
2020-09-22,19.1963,19.5865,18.8126,19.1517,8345326
2020-09-23,19.2232,19.7277,17.9264,18.0239,13178383
2020-09-24,17.7583,18.468,17.1981,17.8112,12443801
2020-09-25,18.0685,18.8145,17.7666,18.22,9452772
2020-09-28,18.4856,18.6454,17.9886,18.3528,7535560
2020-09-29,18.2014,18.3612,17.6691,17.8196,7986471
2020-09-30,17.7843,18.0741,17.6161,17.696,7566562
2020-10-01,17.7313,20.3594,17.6691,20.1197,30439842
2020-10-02,18.9836,20.5099,18.8674,20.4216,19156243
2020-10-05,20.4216,20.7765,19.6487,20.0305,13993343
2020-10-06,20.0305,20.3148,18.9956,19.2846,9104679
2020-10-07,19.5335,19.6487,19.1071,19.2669,6202042
2020-10-08,19.383,20.7681,19.2316,20.1819,14831962
2020-10-09,21.0338,21.3004,20.0668,20.3863,18500835
2020-10-12,20.2172,20.848,19.7648,20.5461,14243741
2020-10-13,20.4746,21.2475,20.377,20.9363,14900567
2020-10-14,21.3004,21.3004,20.1374,20.208,9974013
2020-10-15,19.7732,20.2525,19.4536,19.8447,6693399
2020-10-16,19.9683,20.2795,19.3737,19.4536,6950731
2020-10-19,19.5428,19.6487,18.4057,18.415,8080441
2020-10-20,18.6454,18.6631,17.9793,18.2553,7587760
2020-10-21,18.1837,18.2998,17.7044,17.7666,8720243
2020-10-22,17.8558,18.2283,17.5539,17.9793,9501946
2020-10-23,18.0602,18.7077,17.7137,18.2636,9802442
2020-10-26,17.9357,18.2775,17.5,17.6514,8365655
2020-10-27,17.7137,18.3927,17.4563,17.8558,10247357
2020-10-28,17.4916,17.6421,16.5413,16.5589,14226517
2020-10-29,16.755,17.0299,16.4967,16.781,8196722
2020-10-30,16.6305,16.7633,15.787,16.1864,10575566
2020-11-02,16.3369,16.9677,16.1595,16.8079,7435844
2020-11-03,17.0299,17.749,16.9946,17.2074,10492625
2020-11-04,17.8381,18.7346,17.8019,18.3082,10711068
2020-11-05,18.8498,19.1517,18.3881,18.6018,9633870
2020-11-06,18.6454,19.0895,18.2998,18.9213,9245429
2020-11-09,19.7026,19.8977,17.9533,19.0449,20885154
2020-11-10,19.1434,19.7908,18.468,19.1787,25636736
2020-11-11,19.1787,19.2762,18.2553,18.6993,23281518
2020-11-12,18.7876,19.5512,18.7077,19.3468,21865599
2020-11-13,19.5688,19.8085,19.1164,19.4007,12207696
2020-11-16,19.4629,20.195,19.4536,20.1104,17256427
2020-11-17,19.7379,20.4123,19.5781,19.711,10349180
2020-11-18,19.7379,20.0482,18.7615,18.7876,11368632
2020-11-19,18.7346,19.1341,18.5572,18.8767,7752226
2020-11-20,18.8321,19.0189,18.3175,18.6101,8780278
2020-11-23,18.6454,18.7792,17.9533,18.0239,12831092
2020-11-24,18.1401,19.0718,17.6802,18.4949,22483633
2020-11-25,18.5033,18.6194,18.1215,18.1308,10263469
2020-11-27,18.2729,18.3351,17.8734,17.9793,7111825
2020-11-30,17.9357,18.4234,17.447,18.3974,13287579
2020-12-01,18.6018,18.6055,17.8289,17.9264,10265980
2020-12-02,17.8381,18.0676,17.6867,17.8465,8903480
2020-12-03,17.8911,18.2107,17.8558,18.0332,8824162
2020-12-04,17.9533,18.0602,17.3764,17.4294,14821060
2020-12-07,17.3941,17.971,17.3579,17.4916,12325930
2020-12-08,17.5799,18.3175,17.4563,17.944,17555559
2020-12-09,18.5748,19.5066,18.1754,18.6993,33481224
2020-12-10,18.9473,19.0012,18.3175,18.468,12038448
2020-12-11,18.4234,19.0189,18.3797,18.5219,10817137
2020-12-14,19.0718,20.1021,18.8944,19.4806,24497761
2020-12-15,19.8261,20.0928,19.383,19.8531,11955362
2020-12-16,20.0928,20.2795,19.7267,19.88,11555015
2020-12-17,19.8624,20.0045,19.3291,19.8884,10143300
2020-12-18,19.1071,19.5159,19.0189,19.214,15238695
2020-12-21,18.8145,19.6487,18.6993,19.1787,6906763
2020-12-22,19.2409,19.3291,19.0049,19.2669,5576940
2020-12-23,19.409,19.4183,18.8674,19.2232,5214847
2020-12-24,19.214,19.2409,18.3528,18.4949,6132853
2020-12-28,18.6631,18.6631,17.9886,18.2014,8503661
2020-12-29,18.1661,18.69,17.8019,18.4234,12333300
2020-12-30,18.4503,18.8767,18.22,18.7876,6185297
2020-12-31,18.743,18.7523,17.9357,17.9533,9192233
2021-01-04,17.9793,18.0007,17.6161,17.7583,7305923
2021-01-05,17.7313,17.8818,17.5892,17.6598,16103035
2021-01-06,17.3226,17.4647,17.0299,17.1804,18346084
2021-01-07,17.1981,17.6598,17.1981,17.5093,9954261
2021-01-08,17.6421,17.8734,17.5093,17.7137,7429784
2021-01-11,17.5,18.0955,17.474,17.6161,9012695
2021-01-12,17.696,17.8911,17.278,17.4294,8538171
2021-01-13,17.6691,17.8465,17.4117,17.696,7264281
2021-01-14,17.8196,17.971,17.6802,17.8995,6734464
2021-01-15,17.8381,17.918,17.3764,17.4025,7994443
2021-01-19,17.3142,17.474,17.1628,17.3495,7522923
2021-01-20,17.4025,17.6784,17.225,17.6421,6221963
2021-01-21,17.6514,17.8289,17.4117,17.7313,5689089
2021-01-22,17.5975,17.8818,17.5362,17.8019,5710150
2021-01-25,17.9793,21.3004,17.8289,20.5898,42490274
2021-01-26,20.8657,20.9279,19.711,20.155,15449885
2021-01-27,21.07,22.6855,20.0305,20.4216,29993560
2021-01-28,20.4123,21.0162,18.7253,18.9213,15396494
2021-01-29,21.5754,21.7538,18.7876,18.965,24338623
2021-02-01,19.2047,19.5605,18.7876,19.1248,10883722
2021-02-02,19.383,19.5159,18.5832,18.5925,11394522
2021-02-03,19.1787,19.6664,18.7968,18.8321,13937526
2021-02-04,19.187,19.8884,19.0449,19.1517,12966041
2021-02-05,19.0895,19.3106,18.8674,19.2047,8245764
2021-02-08,19.4806,19.5252,19.0189,19.1963,9441704
2021-02-09,19.1341,19.3914,18.8498,18.8674,10866822
2021-02-10,18.8944,18.9799,18.2998,18.5925,8624829
2021-02-11,18.6547,19.0635,18.246,18.3528,8562351
2021-02-12,18.441,18.6371,18.1754,18.3612,8531980
2021-02-16,18.5572,18.7615,18.1215,18.2636,8761506
2021-02-17,18.246,18.5061,17.7936,17.8019,14366851
2021-02-18,17.8465,18.1401,17.4916,17.8196,9928705
2021-02-19,18.0156,18.2376,17.8289,17.9979,6425898
2021-02-22,18.0156,18.481,17.8734,18.1215,9635613
2021-02-23,17.7843,17.8289,16.6035,17.7583,11200422
2021-02-24,17.5446,18.1038,17.2873,18.0416,9751085
2021-02-25,18.0685,18.6296,17.5,17.6691,17138061
2021-02-26,20.7142,20.9186,19.161,19.4007,56686373
2021-03-01,20.4216,21.7538,19.9961,21.5754,39810906
2021-03-02,24.275,38.1789,23.7511,36.936,424104982
2021-03-03,32.9498,35.0455,24.4701,24.8695,200589263
2021-03-04,24.8612,27.4716,22.535,23.8486,75772519
2021-03-05,24.6299,24.7274,20.848,22.2861,39564204
2021-03-08,23.1036,25.7883,22.156,22.9549,31053605
2021-03-09,23.2243,25.4446,22.2303,23.6795,34405073
2021-03-10,23.5959,26.643,23.2429,24.1069,46139364
2021-03-11,24.4506,25.8626,23.8375,23.9954,18434431
2021-03-12,23.7167,23.9582,23.0385,23.2336,11550966
2021-03-15,23.8282,24.7664,23.3358,23.9675,14297767
2021-03-16,24.2555,25.0173,23.1593,23.2243,17295022
2021-03-17,23.0571,23.345,22.4348,22.7598,12466439
2021-03-18,22.5741,22.8527,21.4221,21.4593,13923907
2021-03-19,21.5893,21.9609,21.1156,21.4314,13132976
2021-03-22,21.5893,21.7937,21.2177,21.3571,8419931
2021-03-23,21.6729,22.9364,21.3293,21.4035,19567157
2021-03-24,21.6637,21.8959,20.8833,20.9205,9893922
2021-03-25,20.4188,20.9483,20.1587,20.874,8592408
2021-03-26,20.7161,22.4161,20.521,22.2118,13034057
2021-03-29,22.5276,25.491,21.1899,22.1096,60761204
2021-03-30,22.3418,22.7924,21.5243,21.5522,13698404
2021-03-31,21.6637,21.8959,21.1341,21.45,12091727
2021-04-01,21.6451,21.738,20.9391,20.9483,10544091
2021-04-05,21.1434,21.3757,20.809,20.8462,7380590
2021-04-06,20.7718,21.7658,20.3352,21.0412,15658025
2021-04-07,21.0877,21.4281,20.7161,20.9762,7157480
2021-04-08,20.9948,21.2642,20.586,20.9669,6630006
2021-04-09,20.9669,21.2549,20.7718,21.1341,4943985
2021-04-12,21.1341,21.162,20.3817,20.5953,8624859
2021-04-13,20.4839,21.45,20.4746,21.3478,9172622
2021-04-14,21.162,21.6451,20.5024,20.6697,7953324
2021-04-15,20.9019,21.45,20.5396,21.1434,12319274
2021-04-16,20.9483,21.069,20.4374,20.5489,7055872
2021-04-19,20.4932,20.6046,20.038,20.4467,6296511
2021-04-20,20.4095,20.5489,19.9079,20.1309,5004152
2021-04-21,19.7593,20.3445,19.4527,20.3445,6686053
2021-04-22,20.4003,20.7347,20.2052,20.3166,6369372
2021-04-23,20.3352,20.6929,20.2702,20.5768,4025427
2021-04-26,20.6975,21.1341,20.657,20.9669,4931254
2021-04-27,21.1434,21.3292,20.8462,21.2735,4445784
2021-04-28,21.3664,21.3943,20.9623,21.2363,4427470
2021-04-29,21.2921,21.3943,20.7293,21.2735,4658272
2021-04-30,21.1527,21.3757,20.7811,20.8555,4014393
2021-05-03,20.9948,21.0877,20.5768,20.9019,6270457
2021-05-04,21.1341,21.5522,20.3166,20.8926,10190909
2021-05-05,21.097,21.4593,21.0598,21.1806,15471173
2021-05-06,18.2822,18.3937,17.4461,17.6598,39846508
2021-05-07,17.8363,17.8363,16.6379,16.8051,28783129
2021-05-10,16.5915,16.6751,16.0062,16.4057,16292451
2021-05-11,15.5139,16.0434,15.3095,15.9226,14831229
2021-05-12,15.904,16.257,15.421,15.4953,10487731
2021-05-13,15.4953,15.8669,15.0679,15.4024,10821169
2021-05-14,15.6068,16.1363,15.5069,16.1084,6045667
2021-05-17,15.9505,16.4846,15.8282,16.48,5863281
2021-05-18,16.4057,16.61,16.1456,16.3592,4623914
2021-05-19,15.8204,16.0527,15.5603,15.8762,6129772
2021-05-20,15.8854,16.0062,15.6625,16.0062,5684117
2021-05-21,16.0341,16.1084,15.7089,15.7368,4989642
2021-05-24,15.8018,15.8565,15.5603,15.6996,5109417
2021-05-25,15.7182,15.9087,15.4953,15.616,5616095
2021-05-26,15.6811,16.3314,15.6068,16.2199,9480928
2021-05-27,16.2756,18.0221,16.0248,17.0467,26784561
2021-05-28,17.0838,17.8363,16.3965,16.4521,16372919
2021-06-01,16.48,17.0002,16.0991,16.6379,10353475
2021-06-02,16.7494,19.2669,16.3406,18.8303,42996046
2021-06-03,18.5795,19.6292,17.9849,18.1707,19870298
2021-06-04,18.2822,18.9325,18.1336,18.3658,10432275
2021-06-07,18.3751,18.7772,18.1521,18.4866,8194445
2021-06-08,18.7188,19.88,18.6445,19.7964,19259251
2021-06-09,20.9112,21.0691,19.8336,20.1866,19430803
2021-06-10,19.88,20.2795,18.9139,19.1368,9024861
2021-06-11,19.3134,19.5735,19.0254,19.2019,5453015
2021-06-14,19.3041,19.8428,19.1879,19.2576,6062235
2021-06-15,19.3134,19.3713,18.7467,18.821,5370898
2021-06-16,18.8024,19.0997,17.9292,18.2915,7942354
2021-06-17,18.1057,18.7374,18.0314,18.3194,5292059
2021-06-18,18.533,18.5609,17.827,18.0592,7223599
2021-06-21,17.9756,18.2357,17.5251,17.8549,7127870
2021-06-22,17.8363,18.046,17.6784,17.762,4376949
2021-06-23,17.8177,18.9046,17.7062,18.6073,15672196
2021-06-24,18.7653,18.9603,18.4494,18.7095,6651417
2021-06-25,18.6724,18.8581,18.4587,18.7095,8767343
2021-06-28,18.7281,18.9164,18.3194,18.598,4532469
2021-06-29,18.6724,19.3598,18.3472,18.7653,8147968
2021-06-30,18.5795,18.7653,17.9571,17.9756,8550434
2021-07-01,17.9849,18.2172,17.6319,17.6598,7465959
2021-07-02,17.6412,17.7805,17.409,17.4182,4718400
2021-07-06,17.4275,17.7433,17.1999,17.4275,4137362
2021-07-07,17.3254,18.1986,17.3254,17.827,9687659
2021-07-08,17.3625,17.9571,17.0095,17.8084,5405898
2021-07-09,17.7434,17.9478,17.3811,17.6784,6183830
2021-07-12,17.2325,17.251,16.6936,16.7494,9123067
2021-07-13,16.6751,16.7122,15.8762,15.8947,10243642
2021-07-14,16.0898,16.3086,15.7461,16.1456,7514484
2021-07-15,16.0341,16.4242,15.9598,16.4242,5185430
2021-07-16,16.4521,16.5636,15.9784,16.1177,4171332
2021-07-19,15.8204,16.1084,15.5882,16.0991,5323436
2021-07-20,15.2816,16.0759,15.2816,16.0434,8935047
2021-07-21,15.9691,16.7773,15.9691,16.6193,4827155
2021-07-22,16.5357,16.5636,16.2477,16.3685,2279174
2021-07-23,16.3871,16.4707,15.8854,16.1084,4454186
2021-07-26,15.9505,16.3778,15.8762,16.1456,2812875
2021-07-27,16.0341,16.3459,15.7275,16.0248,3252215
2021-07-28,16.0805,16.4428,16.0777,16.3499,3089345
2021-07-29,16.4893,16.9335,16.2013,16.2292,4588827
2021-07-30,16.2292,16.381,15.9691,16.0155,2292445
2021-08-02,16.1084,17.3254,16.0062,16.6193,10365640
2021-08-03,16.4428,16.5477,15.734,16.0712,7756906
2021-08-04,15.9691,16.3406,15.8884,16.2106,3931287
2021-08-05,16.1827,16.4893,16.1084,16.2663,2919189
2021-08-06,16.2385,16.61,16.1734,16.2849,3364766
2021-08-09,16.2942,16.545,16.2106,16.3685,2619388
2021-08-10,16.5357,16.6008,15.9923,16.1827,4067706
2021-08-11,16.3035,16.5543,16.1177,16.3592,4411554
2021-08-12,16.2663,16.48,15.7925,16.2292,14129310
2021-08-13,16.9538,18.1614,16.8702,17.892,23698045
2021-08-16,17.604,17.7434,16.9445,16.9909,8122324
2021-08-17,16.7587,16.9352,16.4428,16.6844,4122421
2021-08-18,16.6565,16.912,16.5088,16.545,3520624
2021-08-19,16.5264,16.61,16.1456,16.2199,4336530
2021-08-20,16.257,16.7401,16.2013,16.2942,4348779
2021-08-23,16.3035,16.4661,16.0898,16.3221,3913067
2021-08-24,16.4614,17.0745,16.4428,16.7494,6724463
2021-08-25,16.7308,17.1767,16.5543,16.7215,4547652
2021-08-26,16.7215,17.0188,16.48,16.5171,3844703
2021-08-27,16.4335,16.6657,16.2842,16.4335,4403881
2021-08-30,16.257,16.5269,16.0712,16.2756,3485305
2021-08-31,16.2385,16.2942,16.0712,16.1177,4780641
2021-09-01,16.1084,16.2849,16.0062,16.1548,5434871
2021-09-02,16.1548,16.2013,16.0201,16.0805,4475514
2021-09-03,16.0712,16.0852,15.8158,15.8762,5065320
2021-09-07,15.9133,16.1827,15.7461,15.8483,5771464
2021-09-08,15.9783,15.9783,15.6996,15.7182,4587714
2021-09-09,15.6996,15.8919,15.6811,15.7089,3578467
2021-09-10,15.7925,15.8204,15.421,15.4302,4279432
2021-09-13,15.5231,15.8715,15.3466,15.7275,4690226
2021-09-14,15.7275,15.9923,15.4674,15.5231,3525751
2021-09-15,15.5139,15.6718,15.4395,15.5696,3320870
2021-09-16,15.4395,15.7833,15.4395,15.5882,3205127
2021-09-17,15.7182,15.7554,15.4581,15.5882,6939072
2021-09-20,15.1794,15.5417,15.0772,15.4117,5733248
2021-09-21,15.5046,15.6718,15.3234,15.3745,2576313
2021-09-22,15.5603,15.7833,15.4581,15.4953,3193222
2021-09-23,15.6625,15.8158,15.4489,15.6811,3670807
2021-09-24,15.6346,15.904,15.6346,15.774,3713542
2021-09-27,15.8297,16.0341,15.5742,15.7833,3347306
2021-09-28,15.6996,15.705,15.2119,15.2537,4350426
2021-09-29,15.2816,15.4117,15.1516,15.1701,3017491
2021-09-30,15.198,15.2166,14.701,14.9007,5279503
2021-10-01,14.9007,14.975,14.6686,14.7335,5134313
2021-10-04,14.6685,14.6778,14.0275,14.1761,5873512
2021-10-05,14.1204,14.544,14.0275,14.3991,5215404
2021-10-06,14.269,14.6127,14.1204,14.1668,3289714
2021-10-07,14.2876,14.413,14.204,14.2597,3418523
2021-10-08,14.1947,14.3201,13.9253,13.9346,4244193
2021-10-11,13.9346,14.1761,13.8789,14.0461,3711937
2021-10-12,14.0739,14.269,13.9714,14.204,2992170
2021-10-13,14.3433,14.8357,14.3201,14.6964,4293216
2021-10-14,14.8636,14.9936,14.7625,14.8729,3315302
2021-10-15,14.9286,15.76,14.9286,15.3095,6153841
2021-10-18,15.198,15.7925,15.1423,15.5789,3898610
2021-10-19,15.6718,15.8483,15.4302,15.6253,4202411
2021-10-20,15.7275,15.8018,15.4767,15.774,2553981
2021-10-21,15.7647,16.0062,15.6764,15.6996,2312085
2021-10-22,15.6253,15.6253,15.1701,15.3373,3429394
2021-10-25,15.3466,15.6625,15.263,15.4488,2463598
2021-10-26,15.5417,15.6532,15.2166,15.3559,3111197
2021-10-27,15.263,15.4906,14.8729,14.9007,3731380
2021-10-28,14.9658,15.0308,14.427,14.6592,5055895
2021-10-29,14.5849,15.8018,14.5756,15.3095,17278235
2021-11-01,15.3373,16.61,15.3281,16.3221,9365689
2021-11-02,16.5822,16.5915,15.774,16.1363,6017474
2021-11-03,16.1177,16.5171,15.7275,16.3685,8825812
2021-11-04,16.3499,16.8423,16.3499,16.5915,7491254
2021-11-05,16.3406,16.4335,15.5603,15.9783,6971982
2021-11-08,15.9133,16.1363,15.421,15.6532,6381617
2021-11-09,15.616,16.0434,15.5557,15.6625,4503860
2021-11-10,15.5789,16.0712,15.3838,15.3931,4819388
2021-11-11,15.486,15.486,14.9843,15.133,4293312
2021-11-12,15.198,15.6253,15.0958,15.5139,3478438
2021-11-15,15.5882,15.8669,15.3095,15.3095,3259818
2021-11-16,15.2352,15.4349,15.0308,15.3095,3796849
2021-11-17,15.1701,15.1701,14.3341,14.4827,7908775
2021-11-18,14.3991,14.5756,14.0089,14.5013,5880091
2021-11-19,14.4362,14.7707,14.3108,14.3248,3637925
2021-11-22,14.3619,14.4827,13.8789,14.3155,4706766
2021-11-23,14.3619,14.427,13.9903,14.3248,2898309
2021-11-24,14.3341,14.7567,14.2597,14.622,2736812
2021-11-26,14.3898,14.8311,14.3341,14.5756,3194225
2021-11-29,14.6313,14.9983,14.1688,14.6127,4828758
2021-11-30,14.3805,14.8636,14.2179,14.3991,4912273
2021-12-01,14.4641,15.133,14.1761,14.2319,5073662
2021-12-02,14.2505,14.886,14.1947,14.7614,3967273
2021-12-03,14.7614,14.7707,14.3433,14.5849,3321337
2021-12-06,14.492,15.0679,14.1343,14.7614,4924838
2021-12-07,14.975,15.421,14.9193,15.1516,4302877
2021-12-08,15.2445,15.4674,14.975,15.2166,2596636
2021-12-09,15.1516,15.3463,14.9797,15.1516,3390405
2021-12-10,15.133,15.2723,14.9658,15.0122,3767642
2021-12-13,14.9565,15.0494,14.5802,14.7707,4049048
2021-12-14,14.7335,15.2863,14.6313,14.7893,4145903
2021-12-15,14.8636,14.8766,14.0832,14.5106,4876886
2021-12-16,14.3898,14.8914,14.2505,14.4734,4121766
2021-12-17,14.4734,14.5895,13.9532,14.3341,6174857
2021-12-20,14.1576,14.1947,13.0717,13.433,10144902
2021-12-21,13.433,13.9114,13.2983,13.7674,4658703
2021-12-22,13.7116,14.1297,13.7116,14.0461,3562353
2021-12-23,14.0182,14.2876,13.9625,14.1854,2682233
2021-12-27,14.2133,14.2133,13.9532,14.0089,3073212
2021-12-28,13.9253,14.0368,13.6652,13.6652,3524046
2021-12-29,13.6187,13.6346,13.2472,13.275,4491821
2021-12-30,13.275,13.8696,13.2657,13.6466,6205670
2021-12-31,13.5862,13.8511,12.857,13.0056,10489061
2022-01-03,13.2007,13.851,13.1821,13.6838,5364239
2022-01-04,13.6187,14.1795,13.5723,13.916,5961248
2022-01-05,13.9067,13.9159,13.1589,13.1728,4334896
2022-01-06,13.2379,13.5432,12.9127,13.0149,5003642
2022-01-07,13.3215,13.3911,12.9963,13.1543,4609721
2022-01-10,13.1078,13.2641,12.7176,12.9963,5645799
2022-01-11,12.9592,13.3401,12.8013,13.1636,4072282
2022-01-12,13.3029,13.498,13.0799,13.275,3700735
2022-01-13,13.2843,13.2936,12.8663,12.8756,6015148
2022-01-14,12.7084,12.8603,12.1603,12.4668,9966221
2022-01-18,12.2532,12.4297,12.0256,12.0581,3780723
2022-01-19,12.4947,12.7827,12.281,12.3182,6255949
2022-01-20,12.439,12.7594,12.1603,12.1788,4926938
2022-01-21,12.0859,12.216,11.7236,12.0023,4315817
2022-01-24,11.6122,12.0674,11.2127,12.0395,7067645
2022-01-25,11.8909,12.3832,11.7654,12.151,5212763
2022-01-26,12.2624,12.5179,11.4728,11.7329,6515937
2022-01-27,11.8165,12.0256,11.3985,11.5007,3802431
2022-01-28,11.3335,11.5146,11.1012,11.4914,4886640
2022-01-31,11.3706,11.7422,11.0919,11.7422,6350259
2022-02-01,11.6586,11.798,10.999,11.4728,12085596
2022-02-02,11.3985,11.4264,11.1105,11.3335,5499329
2022-02-03,11.1941,11.2499,10.8969,10.9898,5990040
2022-02-04,10.9247,11.2684,10.6275,11.0734,7244592
2022-02-07,11.1477,11.5471,11.1384,11.4171,5998288
2022-02-08,11.4728,11.6679,11.3312,11.6307,3754804
2022-02-09,11.6772,11.9526,11.5843,11.8351,3805304
2022-02-10,11.6865,12.0581,11.3288,11.3428,5538660
2022-02-11,11.3428,11.5378,11.1105,11.3892,5642190
2022-02-14,11.3706,11.719,11.2963,11.4078,3792925
2022-02-15,11.6493,11.8351,11.3381,11.7701,4539058
2022-02-16,11.7236,12.3971,11.5657,12.1231,5661196
2022-02-17,11.9094,12.2021,11.8537,11.9001,3038910
2022-02-18,11.798,11.928,11.5007,11.6586,4036116
2022-02-22,11.1941,11.287,10.6646,10.7111,8467405
2022-02-23,10.6925,10.9565,10.2673,10.293,7665838
2022-02-24,9.93072,10.7575,9.80067,10.7389,12419148
2022-02-25,11.5564,11.798,10.6739,11.3613,10403607
2022-02-28,11.2034,12.0302,11.2034,11.993,8369780
2022-03-01,12.0581,12.504,11.8212,12.4297,6613775
2022-03-02,12.3925,12.9219,12.1092,12.8198,7091648
2022-03-03,12.8849,13.2983,12.5504,12.987,7079789
2022-03-04,12.9685,13.2379,12.7176,13.21,7197149
2022-03-07,13.17,13.24,12.3,12.3,7700999
2022-03-08,12.25,12.5,11.67,11.68,6150571
2022-03-09,11.85,12.31,11.49,11.85,8096161
2022-03-10,11.8,11.8,11.19,11.41,4476371
2022-03-11,11.41,11.4892,11.03,11.04,3685387
2022-03-14,10.86,11.14,10.275,10.35,5161659
2022-03-15,10.31,10.49,10.075,10.25,5341930
2022-03-16,10.4,10.955,10.07,10.41,8098691
2022-03-17,10.38,10.65,10.27,10.55,4145118
2022-03-18,10.51,11.07,10.465,10.99,6111223
2022-03-21,10.92,10.9999,10.44,10.51,4797271
2022-03-22,10.67,11.13,10.59,10.75,6529091
2022-03-23,10.6,11.045,10.6,10.76,4839893
2022-03-24,10.72,11.02,10.63,10.89,3295435
2022-03-25,10.83,10.92,10.383,10.4,5448458
2022-03-28,10.39,10.94,10.38,10.87,5931124
2022-03-29,10.95,11.46,10.84,11.23,4970631
2022-03-30,11.1,11.43,11.0,11.14,2951138
2022-03-31,11.33,11.49,11.04,11.12,4087812
2022-04-01,11.1,11.33,10.94,11.04,3312453
2022-04-04,11.02,11.7,11.02,11.54,7696734
2022-04-05,11.52,11.54,10.8,10.89,4846252
2022-04-06,10.78,10.87,10.01,10.06,6969398
2022-04-07,10.11,10.27,9.63,9.89,6202705
2022-04-08,9.82,9.965,9.605,9.7,4747535
2022-04-11,9.49,10.09,9.42,9.84,4047525
2022-04-12,9.84,10.0297,9.535,9.55,3824964
2022-04-13,9.48,9.715,9.3616,9.6,6402665
2022-04-14,9.7,9.85,9.342,9.39,3565516
2022-04-18,9.2,9.365,9.14,9.21,3265531
2022-04-19,9.31,9.44,9.175,9.25,3565828
2022-04-20,9.27,9.53,9.135,9.29,4869919
2022-04-21,9.44,9.5889,9.22,9.24,4253143
2022-04-22,9.22,9.29,8.66,8.67,4936270
2022-04-25,8.61,9.54,8.59,9.39,8223918
2022-04-26,9.21,9.29,8.815,8.91,5338188
2022-04-27,8.8,8.92,8.6,8.69,3424478
2022-04-28,8.84,9.005,8.49,8.97,4112799
2022-04-29,8.94,9.1501,8.825,8.85,5514875
2022-05-02,8.88,9.094,8.805,9.01,4341093
2022-05-03,8.98,9.5,8.955,9.28,3383642
2022-05-04,9.16,9.71,8.94,9.65,4831121
2022-05-05,9.57,9.57,8.6726,8.76,4451352
2022-05-06,8.7,8.77,8.2101,8.58,5225528
2022-05-09,8.6,8.6,8.2,8.4,6240789
2022-05-10,8.36,8.445,7.61,7.81,12287801
2022-05-11,7.0,7.9,6.9117,7.4,8717593
2022-05-12,7.27,7.97,7.085,7.93,8415565
2022-05-13,8.03,8.4403,7.95,8.11,5714300
2022-05-16,8.43,8.62,8.202,8.28,4719513
2022-05-17,8.42,8.815,8.42,8.76,3607790
2022-05-18,8.7,8.975,8.48,8.54,3042730
2022-05-19,8.55,9.125,8.54,8.99,3795435
2022-05-20,8.95,9.05,8.605,8.9,4597393
2022-05-23,8.97,8.97,8.6724,8.73,2848621
2022-05-24,8.59,8.91,8.449,8.75,3769523
2022-05-25,8.75,9.125,8.74,8.99,3366005
2022-05-26,9.05,9.38,8.94,9.2,3660397
2022-05-27,9.27,9.52,9.182,9.47,3184619
2022-05-31,9.3,9.41,9.035,9.07,3564110
2022-06-01,9.14,9.21,8.6597,8.78,2958192
2022-06-02,8.99,9.02,8.79,8.99,2608119
2022-06-03,8.83,8.84,8.4,8.53,4802996
2022-06-06,8.73,8.905,8.425,8.46,3478560
2022-06-07,8.3,8.7,8.29,8.69,1984263
2022-06-08,8.65,8.87,8.37,8.6,2519120
2022-06-09,8.66,8.69,8.35,8.35,2011390
2022-06-10,8.2,8.25,7.885,7.9,2911513
2022-06-13,7.61,7.73,7.11,7.18,3432430
2022-06-14,7.22,7.22,6.91,7.0,3076125
2022-06-15,7.06,7.35,6.655,6.98,4855728
2022-06-16,6.85,6.92,6.395,6.53,4256722
2022-06-17,6.33,6.58,6.2688,6.37,6641814
2022-06-21,6.51,6.8227,6.44,6.78,5741925
2022-06-22,6.64,7.055,6.6138,6.96,4534733
2022-06-23,7.08,7.43,6.98,7.41,3676216
2022-06-24,7.5,7.84,7.44,7.73,6176854
2022-06-27,7.78,7.929,7.615,7.66,2518613
2022-06-28,7.65,7.94,7.37,7.39,4143342
2022-06-29,7.33,7.37,7.08,7.23,2331577
2022-06-30,7.26,7.51,7.145,7.36,2296138
2022-07-01,7.37,7.78,7.365,7.61,2442097
2022-07-05,7.5,8.125,7.47,8.05,4020729
2022-07-06,8.68,9.11,8.36,8.41,9446029
2022-07-07,8.6,8.76,8.53,8.75,2926013
2022-07-08,8.73,8.78,8.55,8.56,1940010
2022-07-11,8.42,8.785,8.37,8.59,3012990
2022-07-12,8.55,8.83,8.54,8.75,2534455
2022-07-13,8.59,8.85,8.35,8.82,2816752
2022-07-14,8.75,8.79,8.46,8.5,2720058
2022-07-15,8.52,9.075,8.52,8.99,3604668
2022-07-18,9.02,9.24,8.85,8.92,2585315
2022-07-19,8.97,9.3,8.97,9.3,2066904
2022-07-20,9.25,9.495,9.24,9.41,2199296
2022-07-21,9.55,9.73,9.43,9.64,2577192
2022-07-22,9.71,9.88,9.42,9.43,2980519
2022-07-25,9.6,9.65,9.318,9.56,2386035
2022-07-26,9.4,9.51,9.1,9.16,2759067
2022-07-27,9.28,9.54,9.18,9.47,2122429
2022-07-28,9.78,9.87,9.35,9.58,1796638
2022-07-29,9.6,9.64,9.37,9.52,1769249
2022-08-01,9.54,9.89,9.44,9.89,2539680
2022-08-02,9.75,10.005,9.72,9.95,3358214
2022-08-03,9.98,10.35,9.98,10.25,3766735
2022-08-04,10.36,10.505,10.105,10.29,4469124
2022-08-05,9.22,10.21,8.83,9.95,6859518
2022-08-08,9.56,9.99,9.12,9.42,5563921
2022-08-09,9.3,9.875,9.27,9.63,3080053
2022-08-10,9.86,10.38,9.805,10.38,3513540
2022-08-11,10.47,11.375,10.43,10.49,5230006
2022-08-12,10.5,10.835,10.42,10.8,2298317
2022-08-15,10.62,10.7607,10.33,10.65,2645596
2022-08-16,10.73,11.31,10.56,11.22,4242535
2022-08-17,10.91,11.17,10.825,10.87,2531003
2022-08-18,10.97,10.97,10.2725,10.45,2513775
2022-08-19,10.17,10.3,9.65,9.73,2298761
2022-08-22,9.58,9.65,9.19,9.27,2455418
2022-08-23,9.27,9.61,9.27,9.36,1525099
2022-08-24,9.37,9.4,9.085,9.11,1671694
2022-08-25,9.13,9.53,9.085,9.45,3782607
2022-08-26,9.38,9.5,8.4,8.44,3925207
2022-08-29,8.34,8.54,8.17,8.3,2685903
2022-08-30,8.3,8.36,7.93,8.01,3754449
2022-08-31,8.0,8.14,7.755,7.9,3394133
2022-09-01,7.97,8.115,7.492,7.62,2632771
2022-09-02,7.68,7.82,7.5101,7.62,1552021
2022-09-06,7.43,7.5144,7.16,7.27,3814823
2022-09-07,7.23,7.56,7.16,7.54,2701364
2022-09-08,7.61,7.78,7.4301,7.68,1881436
2022-09-09,7.81,8.17,7.7801,8.04,2814236
2022-09-12,8.14,8.15,7.85,8.09,2859817
2022-09-13,7.66,7.84,7.41,7.73,4160409
2022-09-14,7.69,7.88,7.45,7.53,2352227
2022-09-15,7.6,7.82,7.43,7.51,2764242
2022-09-16,7.34,7.62,7.19,7.6,7306923
2022-09-19,7.51,7.735,7.51,7.64,2705510
2022-09-20,7.49,7.56,7.3,7.36,2269172
2022-09-21,7.32,7.66,7.26,7.31,2681997
2022-09-22,7.47,7.51,7.05,7.13,2755974
2022-09-23,7.0,7.09,6.785,7.0,3283092
2022-09-26,6.99,7.32,6.7,6.72,3351703
2022-09-27,6.78,6.8886,6.52,6.56,2859351
2022-09-28,6.6,6.765,6.53,6.71,2039582
2022-09-29,6.65,6.6599,6.3,6.47,4000234
2022-09-30,6.36,6.4496,6.23,6.32,3282367
2022-10-03,6.37,6.68,6.275,6.58,3498540
2022-10-04,6.76,7.18,6.76,7.18,4195775
2022-10-05,6.97,7.08,6.8,7.05,2755755
2022-10-06,7.04,7.31,6.89,6.99,5050273
2022-10-07,6.77,6.9085,6.46,6.69,3962576
2022-10-10,6.73,6.83,6.59,6.74,2197337
2022-10-11,6.68,6.925,6.5712,6.73,4046756
2022-10-12,6.74,6.79,6.46,6.73,2065487
2022-10-13,6.6,6.855,6.42,6.77,2593388
2022-10-14,6.78,7.03,6.64,6.67,3042902
2022-10-17,6.79,7.21,6.75,6.95,3807687
2022-10-18,7.11,7.27,6.865,6.95,3715011
2022-10-19,6.78,6.9205,6.5301,6.55,3136242
2022-10-20,6.64,6.73,6.26,6.28,3903430
2022-10-21,6.26,6.38,5.97,6.32,4492698
2022-10-24,6.44,6.44,6.19,6.36,3363833
2022-10-25,6.38,6.88,6.38,6.83,4001884
2022-10-26,6.83,7.03,6.39,6.4,4492263
2022-10-27,6.54,6.67,6.32,6.35,3472806
2022-10-28,6.28,6.81,6.28,6.71,5319676
2022-10-31,6.79,6.95,6.68,6.9,3058960
2022-11-01,7.1,7.18,6.83,6.91,4011125
2022-11-02,6.87,7.03,6.59,6.61,3146429
2022-11-03,6.52,6.57,6.29,6.51,6654783
2022-11-04,6.32,6.51,6.19,6.31,5126542
2022-11-07,6.37,6.455,6.11,6.36,3189264
2022-11-08,6.36,6.835,6.285,6.57,4031295
2022-11-09,6.46,6.6,6.365,6.51,3295986
2022-11-10,7.08,7.5,6.96,7.32,5740675
2022-11-14,8.02,8.115,7.81,7.94,3463798
2022-11-15,8.17,8.59,8.17,8.38,3943784
2022-11-16,8.07,8.135,7.48,7.74,3775337
2022-11-17,7.5,7.57,7.36,7.56,2190447
2022-11-18,7.71,7.75,7.4,7.5,2370044
2022-11-21,7.5,7.515,7.39,7.41,1293027
2022-11-22,7.43,7.45,7.31,7.38,1873548
2022-11-23,7.38,7.75,7.32,7.75,2181074
2022-11-25,7.8,7.84,7.625,7.73,696798
2022-11-28,7.66,7.76,7.44,7.6,2328931
2022-11-29,7.6,7.9,7.6,7.83,1794551
2022-11-30,7.82,8.32,7.61,8.3,3778619
2022-12-01,8.36,8.65,8.16,8.54,3417348
2022-12-02,8.3,8.43,8.2,8.41,3276778
2022-12-05,8.53,8.9,8.2,8.25,3444951
2022-12-06,8.84,8.85,7.975,8.26,3531009
2022-12-07,8.24,8.49,8.07,8.31,2170826
2022-12-08,8.38,8.64,8.23,8.5,2167791
2022-12-09,8.41,8.575,8.26,8.27,1399297
2022-12-12,8.27,8.525,8.17,8.49,1866596
2022-12-13,8.82,9.245,8.43,8.47,5751419
2022-12-14,8.4,8.45,8.115,8.19,2821908
2022-12-15,8.1,8.16,7.93,8.0,3406847
2022-12-16,7.83,8.01,7.82,7.96,5042422
2022-12-19,7.96,8.015,7.82,7.88,2202055
2022-12-20,7.74,7.835,7.64,7.65,2400615
2022-12-21,7.75,7.78,7.46,7.54,3141678
2022-12-22,7.5,7.52,7.21,7.43,2242406
2022-12-23,7.4,7.48,7.235,7.29,1312658
2022-12-27,7.22,7.22,6.75,6.87,2502996
2022-12-28,6.85,6.9,6.63,6.64,2238569
2022-12-29,6.72,7.02,6.64,6.98,2722836
2022-12-30,6.82,7.01,6.76,7.0,2764500
2023-01-03,7.14,7.28,6.99,7.09,2408043
2023-01-04,7.24,7.5,7.22,7.44,2699574
2023-01-05,7.3,7.35,7.185,7.34,1941211
2023-01-06,7.35,7.51,7.16,7.47,1647830
2023-01-09,7.49,7.7899,7.49,7.6,2006613
2023-01-10,7.59,7.87,7.49,7.81,1610505
2023-01-11,7.81,8.26,7.81,8.2,2476560
2023-01-12,8.25,8.58,7.86,8.57,4054958
2023-01-13,8.45,8.55,8.13,8.25,3289273
2023-01-17,8.19,8.35,8.09,8.34,2101970
2023-01-18,8.44,8.795,8.43,8.55,6091823
2023-01-19,8.39,8.6,8.27,8.57,1902380
2023-01-20,8.72,8.91,8.6301,8.81,2911002
2023-01-23,8.8,9.29,8.79,9.14,4241394
2023-01-24,9.03,9.22,8.91,8.94,2247577
2023-01-25,8.75,9.065,8.69,8.98,1546959
2023-01-26,9.1,9.4,9.005,9.17,2024081
2023-01-27,9.1,9.76,9.1,9.36,4917343
2023-01-30,9.23,9.52,9.135,9.27,2516142
2023-01-31,9.3,9.58,9.21,9.41,1861254
2023-02-01,9.42,9.8191,9.26,9.73,5087988
2023-02-02,9.96,11.11,9.89,10.78,13430300
2023-02-03,10.4,10.87,10.14,10.29,5362472
2023-02-06,10.09,10.09,9.415,9.69,5442888
2023-02-07,9.6,9.835,9.42,9.62,2838109
2023-02-08,9.51,9.65,9.42,9.44,1675591
2023-02-09,9.57,9.5812,9.0125,9.09,3010104
2023-02-10,9.0,9.095,8.75,8.81,4698268
2023-02-13,8.75,8.91,8.635,8.87,3212694
2023-02-14,8.74,8.94,8.41,8.85,2865820
2023-02-15,8.9,9.26,8.835,9.15,3686896
2023-02-16,8.95,9.2607,8.8486,9.02,2206102
2023-02-17,8.91,8.945,8.51,8.7,3502454
2023-02-21,8.5,8.59,8.245,8.33,3015862
2023-02-22,8.31,8.46,8.055,8.09,2693633
2023-02-23,8.19,8.195,7.9,8.06,1848880
2023-02-24,7.88,7.9401,7.8025,7.87,2080015
2023-02-27,7.93,8.0,7.83,7.88,2514358
2023-02-28,7.89,8.0379,7.82,7.86,3799581
2023-03-01,8.19,8.25,7.72,8.03,3668942
2023-03-02,7.89,8.1,7.76,8.09,2707523
2023-03-03,8.18,8.7,8.09,8.64,3089599
2023-03-06,8.74,9.01,8.602,8.69,2918274
2023-03-07,8.7,8.84,8.11,8.23,3655603
2023-03-08,8.325,8.51,8.06,8.44,2369969
2023-03-09,8.4,8.64,8.26,8.29,2471313
2023-03-10,8.23,8.31,7.8112,8.06,3702328
2023-03-13,7.86,8.8,7.8115,8.66,6540423
2023-03-14,8.81,9.14,8.36,8.46,4081792
2023-03-15,8.41,8.58,8.19,8.53,4346677
2023-03-16,8.49,8.8399,8.355,8.71,2897806
2023-03-17,8.69,8.69,8.34,8.66,2323760
2023-03-20,8.56,8.716,8.25,8.39,3635986
2023-03-21,8.53,8.665,8.44,8.55,1815544
2023-03-22,8.48,8.78,8.34,8.36,2281955
2023-03-23,8.43,8.535,8.22,8.32,2368768
2023-03-24,8.22,8.87,8.15,8.86,3602678
2023-03-27,8.9,9.0,8.67,8.81,1995633
2023-03-28,8.83,8.88,8.58,8.66,1870131
2023-03-29,8.74,8.97,8.73,8.92,2415791
2023-03-30,9.0,9.03,8.585,8.79,1493940
2023-03-31,8.75,9.06,8.715,9.06,1916184
2023-04-03,9.0,9.14,8.95,9.12,1581735
2023-04-04,9.18,9.32,8.9,9.25,2572637
2023-04-05,9.22,9.42,9.1,9.38,3583296
2023-04-06,9.31,9.43,9.13,9.23,1626038
2023-04-10,9.13,9.53,9.05,9.49,1587581
2023-04-11,9.53,9.94,9.49,9.92,1576064
2023-04-12,9.99,10.0,9.49,9.51,2861550
2023-04-13,9.54,9.695,9.26,9.3,2063524
2023-04-14,9.29,9.395,9.04,9.15,2257034
2023-04-17,9.06,9.225,9.0425,9.17,1663730
2023-04-18,9.09,9.185,8.94,8.98,1440756
2023-04-19,8.83,9.115,8.72,9.05,1428193
2023-04-20,8.91,9.05,8.83,8.85,1347489
2023-04-21,8.8,8.97,8.715,8.82,1896167
2023-04-24,8.79,8.85,8.5712,8.84,1579152
2023-04-25,8.76,8.81,8.615,8.66,1705748
2023-04-26,8.68,8.7,8.51,8.53,1452790
2023-04-27,8.57,8.84,8.55,8.76,1831654
2023-04-28,8.74,8.985,8.67,8.91,1842152
2023-05-01,8.81,8.94,8.5605,8.69,1479619
2023-05-02,8.6,8.655,8.255,8.53,2794235
2023-05-03,8.51,8.83,8.51,8.64,2446283
2023-05-04,8.51,8.715,8.43,8.7,2623510
2023-05-05,8.88,9.14,8.31,8.45,3225346
2023-05-08,8.42,8.465,8.28,8.42,1681018
2023-05-09,8.28,8.3709,8.24,8.27,1641222
2023-05-10,8.31,8.42,7.98,8.08,2117517
2023-05-11,8.08,8.19,7.985,8.18,1665208
2023-05-12,8.17,8.37,8.06,8.12,1679158
2023-05-15,8.06,8.22,8.05,8.22,1273258
2023-05-16,8.18,8.21,7.87,7.96,1850437
2023-05-17,8.05,8.17,7.83,8.16,1651130
2023-05-18,8.18,8.27,7.995,8.24,1771407
2023-05-19,8.29,8.33,8.12,8.16,1539545
2023-05-22,8.14,8.33,8.0,8.29,1734010
2023-05-23,8.27,8.44,7.99,8.0,2393430
2023-05-24,7.95,7.98,7.665,7.84,2043370
2023-05-25,7.94,7.98,7.56,7.66,2876433
2023-05-26,7.63,7.79,7.5,7.79,1205320
2023-05-30,7.85,8.22,7.835,8.13,1831879
2023-05-31,8.1,8.22,7.915,8.02,1917062
2023-06-01,7.99,8.23,7.99,8.07,1555453
2023-06-02,8.18,8.31,8.18,8.28,1257117
2023-06-05,8.28,8.41,8.22,8.31,1055858
2023-06-06,8.29,8.64,8.2444,8.62,1444148
2023-06-07,8.69,8.77,8.48,8.56,1566861
2023-06-08,8.5,8.75,8.3501,8.72,1828920
2023-06-09,8.72,9.015,8.65,8.95,1901971
2023-06-12,8.95,9.125,8.9089,9.1,1173121
2023-06-13,9.15,9.565,9.14,9.27,2280504
2023-06-14,9.3,9.43,9.0723,9.24,2008813
2023-06-15,9.2,9.49,9.18,9.33,1617201
2023-06-16,9.28,9.3,9.115,9.19,2835267
2023-06-20,9.09,9.18,8.92,8.98,1535651
2023-06-21,8.91,8.95,8.77,8.83,1307895
2023-06-22,8.75,8.78,8.63,8.66,1060928
2023-06-23,8.54,8.7001,8.51,8.61,1499658
2023-06-26,8.57,8.78,8.57,8.7,1279689
2023-06-27,8.74,9.14,8.6809,9.09,1012899
2023-06-28,9.07,9.41,9.01,9.4,1345025
2023-06-29,9.42,9.53,8.955,9.02,2259444
2023-06-30,9.13,9.1507,8.785,8.96,1685078
2023-07-03,8.85,9.045,8.81,8.97,982657
2023-07-05,8.88,9.44,8.87,9.26,2047207
2023-07-06,9.01,9.06,8.385,8.69,4646201
2023-07-07,8.7,8.98,8.675,8.86,2225434
2023-07-10,8.83,9.34,8.83,9.33,2141127
2023-07-11,9.38,10.08,9.31,10.04,3209317
2023-07-12,10.21,10.51,10.19,10.3,2456767
2023-07-13,10.41,10.47,10.205,10.3,1955082
2023-07-14,10.35,10.55,10.2795,10.4,1472708
2023-07-17,10.16,10.39,10.02,10.17,2308618
2023-07-18,10.25,10.43,10.12,10.37,1349045
2023-07-19,10.46,10.9683,10.44,10.76,2355678
2023-07-20,10.68,10.845,10.405,10.5,1889606
2023-07-21,10.64,10.725,10.475,10.49,1162188
2023-07-24,10.57,10.87,10.5205,10.53,3596162
2023-07-25,10.52,10.68,10.37,10.37,2260653
2023-07-26,10.35,10.53,10.29,10.46,1677555
2023-07-27,10.55,11.08,10.19,10.41,3173079
2023-07-28,10.59,11.045,10.55,10.83,2180014
2023-07-31,10.93,11.22,10.88,10.93,2883354
2023-08-01,10.82,10.91,10.6,10.66,2164587
2023-08-02,10.43,10.525,10.13,10.3,2304313
2023-08-03,10.19,10.44,10.0,10.12,2478004
2023-08-04,10.92,11.54,10.4849,11.18,5576238
2023-08-07,11.25,11.675,10.97,11.58,3781211
2023-08-08,11.45,11.55,11.16,11.37,2120834
2023-08-09,11.39,11.725,11.31,11.49,1986730
2023-08-10,11.61,11.945,11.51,11.8,3643251
2023-08-11,11.7,11.85,11.63,11.7,1435357
2023-08-14,11.61,11.6499,11.275,11.33,1270746
2023-08-15,11.2,11.28,10.83,10.89,2086105
2023-08-16,10.84,11.07,10.75,10.81,1351483
2023-08-17,10.87,10.91,10.62,10.7,1906972
2023-08-18,10.5,10.66,10.4109,10.5,1342043
2023-08-21,10.49,10.62,10.155,10.24,1849260
2023-08-22,10.31,10.42,10.13,10.31,1162575
2023-08-23,10.29,10.56,10.2599,10.52,722315
2023-08-24,10.54,10.59,10.27,10.32,809423
2023-08-25,10.32,10.53,10.14,10.42,1310631
2023-08-28,10.49,10.56,10.4,10.44,1686982
2023-08-29,10.35,10.525,10.205,10.49,1343224
2023-08-30,10.52,10.75,10.47,10.74,849833
2023-08-31,10.72,10.86,10.61,10.68,1053076
2023-09-01,10.75,10.85,10.445,10.52,1648323
2023-09-05,10.42,10.59,10.1,10.24,2566890
2023-09-06,10.15,10.42,10.12,10.35,2129610
2023-09-07,10.23,10.49,10.15,10.49,2293942
2023-09-08,10.38,10.45,10.11,10.27,1569436
2023-09-11,10.32,10.41,10.165,10.18,887913
2023-09-12,10.11,10.22,9.9,9.99,1368546
2023-09-13,9.93,10.0,9.65,9.74,1472277
2023-09-14,9.81,9.97,9.78,9.91,937187
2023-09-15,9.8,9.8407,9.36,9.43,3124825
2023-09-18,9.44,9.44,9.22,9.25,1482586
2023-09-19,9.23,9.34,9.19,9.19,962995
2023-09-20,9.25,9.34,8.975,9.0,1630601
2023-09-21,8.84,8.91,8.47,8.47,1907730
2023-09-22,8.53,8.6308,8.325,8.4,1932415
2023-09-25,8.31,8.4,8.2,8.25,2024109
2023-09-26,8.17,8.275,8.1,8.13,1543373
2023-09-27,8.18,8.3254,8.07,8.13,2201518
2023-09-28,8.09,8.29,8.05,8.23,2189318
2023-09-29,8.38,8.43,8.17,8.18,1975739
2023-10-02,8.05,8.27,7.9,7.99,3779708
2023-10-03,7.87,7.96,7.45,7.48,3594946
2023-10-04,7.5,7.65,7.32,7.62,3149424
2023-10-05,7.58,7.96,7.57,7.84,1606590
2023-10-06,7.67,8.03,7.65,7.94,1981379
2023-10-09,7.81,8.145,7.79,8.13,1379401
2023-10-10,8.16,8.29,8.08,8.1,2553489
2023-10-11,8.16,8.38,8.1,8.19,1986785
2023-10-12,8.19,8.19,7.8,7.82,3235279
2023-10-13,7.84,7.85,7.59,7.75,1936742
2023-10-16,7.82,7.975,7.73,7.86,1361305
2023-10-17,7.62,7.9,7.62,7.86,1389365
2023-10-18,7.75,7.79,7.475,7.5,1970031
2023-10-19,7.5,7.6,7.42,7.43,2490693
2023-10-20,7.38,7.495,7.29,7.31,2023342
2023-10-23,7.25,7.47,7.19,7.36,1263330
2023-10-24,7.45,7.565,7.3,7.34,1127907
2023-10-25,7.23,7.3,7.17,7.21,1880416
2023-10-26,7.19,7.42,7.18,7.3,1434048
2023-10-27,7.3,7.38,7.2,7.3,1522250
2023-10-30,7.4,7.485,7.23,7.31,1574214
2023-10-31,7.34,7.45,7.3,7.39,937054
2023-11-01,7.31,7.575,7.205,7.52,2551231
2023-11-02,7.75,8.12,7.675,8.1,3976130
2023-11-03,8.315,8.95,8.09,8.63,5219162
2023-11-06,8.59,8.59,7.96,8.15,2715187
2023-11-07,8.14,8.275,8.045,8.16,1637130
2023-11-08,8.16,8.45,8.095,8.41,1543331
2023-11-09,8.42,8.48,7.85,7.86,1669584
2023-11-10,7.93,8.35,7.93,8.33,1773663
2023-11-13,8.27,8.28,7.99,7.99,1538500
2023-11-14,8.39,9.35,8.39,9.22,3711296
2023-11-15,9.02,9.33,9.001,9.03,2698380
2023-11-16,8.99,9.165,8.84,8.93,1883692
2023-11-17,9.04,9.11,8.93,9.01,1212599
2023-11-20,9.0,9.1295,8.86,8.99,1713487
2023-11-21,8.91,8.9862,8.84,8.95,1111243
2023-11-22,9.1,9.14,8.875,8.93,1425620
2023-11-24,8.85,9.04,8.81,9.03,631264
2023-11-27,8.95,9.17,8.83,9.15,2062556
2023-11-28,9.14,9.38,9.06,9.33,1852804
2023-11-29,9.48,9.815,9.385,9.54,2193548
2023-11-30,9.6,9.62,9.3,9.34,1522781
2023-12-01,9.3,9.915,9.24,9.87,2916680
2023-12-04,9.67,9.88,9.6,9.84,2181609
2023-12-05,9.81,9.83,9.635,9.75,1467514
2023-12-06,9.85,10.44,9.78,10.27,5107969
2023-12-07,10.24,10.465,10.08,10.35,2466323
2023-12-08,10.31,10.54,10.26,10.51,1887585
2023-12-11,10.51,10.59,10.35,10.58,2097864
2023-12-12,10.55,10.94,10.5,10.8,2379394
2023-12-13,10.86,11.87,10.81,11.81,5269471
2023-12-14,12.12,13.4,12.05,13.38,9583404
2023-12-15,13.35,13.845,13.2,13.74,8171203
2023-12-18,13.84,14.13,13.555,14.0,4485790
2023-12-19,14.06,14.5913,13.99,14.42,6097059
2023-12-20,14.39,14.97,14.18,14.3,9486447
2023-12-21,14.52,14.96,14.42,14.9,4864969
2023-12-22,14.87,15.0,14.6,14.73,3047982
2023-12-26,14.75,15.0801,14.62,14.91,1909460
2023-12-27,14.91,15.19,14.83,15.04,1871541
2023-12-28,14.89,15.155,14.87,15.01,1673518
2023-12-29,14.96,15.055,14.44,14.48,2877741
2024-01-02,14.22,14.38,13.93,14.28,2471203
2024-01-03,13.56,13.71,12.7525,13.34,5754594
2024-01-04,12.92,13.11,12.595,12.67,5221589
2024-01-05,12.56,12.94,12.53,12.63,2608210
2024-01-08,12.69,13.0999,12.6,12.97,2434286
2024-01-09,12.75,12.99,12.7,12.82,1821748
2024-01-10,12.77,12.89,12.4416,12.69,1721409
2024-01-11,12.62,12.6569,12.12,12.46,1928707
2024-01-12,12.56,12.65,12.19,12.28,1772375
2024-01-16,11.79,12.16,11.75,11.97,2543930
2024-01-17,11.69,11.76,11.295,11.48,2689943
2024-01-18,11.64,11.7,11.31,11.58,3214255
2024-01-19,11.59,12.225,11.45,12.22,3119932
2024-01-22,12.37,12.985,12.24,12.49,2934562
2024-01-23,12.51,12.64,12.31,12.36,1704045
2024-01-24,12.59,12.69,11.99,12.0,3639214
2024-01-25,12.21,12.225,12.005,12.13,1365883
2024-01-26,12.13,12.46,12.13,12.24,1297324
2024-01-29,12.3,12.805,12.29,12.8,1987279
2024-01-30,12.74,12.89,12.66,12.67,1620009
2024-01-31,12.53,12.99,12.29,12.31,2130739
2024-02-01,12.43,12.75,12.04,12.68,1764310
2024-02-02,12.37,12.6,12.16,12.51,1877369
2024-02-05,12.24,12.24,11.405,11.54,3028350
2024-02-06,11.53,11.98,11.53,11.67,2176557
2024-02-07,11.69,11.69,11.34,11.5,1997964
2024-02-08,11.49,11.6,11.3499,11.48,1197231
2024-02-09,11.52,11.6,11.27,11.55,2289946
2024-02-12,11.56,12.29,11.54,12.1,2972086
2024-02-13,11.35,11.5,10.89,11.24,3110349
2024-02-14,11.43,11.53,11.285,11.46,1346711
2024-02-15,11.64,11.85,11.54,11.7,1882412
2024-02-16,11.41,11.55,11.3,11.37,1568641
2024-02-20,11.14,11.265,11.04,11.15,1287333
2024-02-21,11.05,11.08,10.87,11.0,1522178
2024-02-22,11.19,11.2,10.91,10.98,3208820
2024-02-23,11.75,12.35,11.25,11.56,6665595
2024-02-26,11.62,11.82,11.24,11.47,2888518
2024-02-27,11.62,12.07,11.57,11.95,3263628
2024-02-28,11.9,12.275,11.82,12.01,3516550
2024-02-29,12.21,12.68,12.21,12.56,2578587
2024-03-01,12.48,12.88,12.224,12.87,2185824
2024-03-04,12.85,12.9699,12.65,12.65,1664733
2024-03-05,12.55,12.55,12.2,12.29,1628172
2024-03-06,12.45,12.955,12.31,12.59,2062736
2024-03-07,12.73,13.08,12.505,12.64,1909477
2024-03-08,12.79,13.105,12.633,12.72,1966068
2024-03-11,12.77,13.18,12.245,12.34,2861413
2024-03-12,12.31,12.48,12.13,12.29,1841635
2024-03-13,12.26,12.8,12.2,12.49,1865496
2024-03-14,12.52,12.68,12.13,12.31,2934247
2024-03-15,12.19,12.4,12.15,12.31,3339761
2024-03-18,12.4,12.68,12.22,12.26,3025153
2024-03-19,12.11,12.72,12.02,12.69,2640354
2024-03-20,12.6,13.57,12.5,13.5,3957502
2024-03-21,13.77,14.47,13.67,14.15,4816562
2024-03-22,14.17,14.29,13.86,14.13,1735691
2024-03-25,14.15,14.46,13.97,14.02,1579593
2024-03-26,14.21,14.25,13.75,13.76,1645545
2024-03-27,13.96,14.57,13.86,14.57,2133537
2024-03-28,14.6,15.01,14.45,14.55,2641910
2024-04-01,14.57,14.57,13.85,13.86,2283247
2024-04-02,13.65,13.68,13.07,13.17,3295477
2024-04-03,13.05,13.35,12.795,13.24,3603870
2024-04-04,13.5,13.6,13.045,13.07,2164092
2024-04-05,13.0,13.145,12.84,12.95,2138744
2024-04-08,13.06,13.86,12.96,13.84,2590120
2024-04-09,13.95,14.25,13.705,14.11,2926147
2024-04-10,13.39,13.4,12.1,12.3,5947108
2024-04-11,12.35,12.73,12.17,12.39,2244764
2024-04-12,12.26,12.32,12.065,12.25,1733452
2024-04-15,12.31,12.332,11.625,11.67,2761842
2024-04-16,11.56,11.65,11.32,11.44,2118254
2024-04-17,11.52,11.59,11.37,11.38,1414888
2024-04-18,11.48,11.9,11.43,11.53,1643302
2024-04-19,11.48,11.7,11.4,11.69,1853275
2024-04-22,11.78,11.98,11.57,11.97,1552590
2024-04-23,11.89,12.73,11.88,12.63,1957690
2024-04-24,12.59,12.76,12.42,12.55,1680110
2024-04-25,12.27,12.33,11.775,12.2,2384670
2024-04-26,12.29,12.69,12.16,12.35,1530759
2024-04-29,12.5,12.6,12.31,12.41,1653614
2024-04-30,12.18,12.4,12.105,12.28,1303591
2024-05-01,12.26,13.0,12.065,12.36,2082261
2024-05-02,12.69,12.78,12.24,12.73,2522566
2024-05-03,13.26,13.94,12.68,13.3,3508350
2024-05-06,13.49,13.855,13.42,13.81,2784914
2024-05-07,14.0,14.47,13.93,13.98,2950703
2024-05-08,13.68,13.925,13.49,13.88,6805536
2024-05-09,13.98,14.2397,13.86,14.09,2330080
2024-05-10,14.08,14.105,13.48,13.67,1402923
2024-05-13,13.9,14.51,13.79,14.42,3695166
2024-05-14,14.63,15.6,14.48,14.6,5626109
2024-05-15,15.04,15.1,14.275,14.4,2814591
2024-05-16,14.29,14.33,13.82,13.88,2497236
2024-05-17,13.81,14.245,13.71,14.12,1963662
2024-05-20,14.0,14.82,14.0,14.65,3149651
2024-05-21,14.5,14.58,14.2036,14.54,3337847
2024-05-22,14.34,14.62,14.05,14.07,1829657
2024-05-23,14.15,14.155,13.565,13.6,1931066
2024-05-24,13.71,14.0,13.7,13.84,1098384
2024-05-28,14.0,14.19,13.72,13.92,1478490
2024-05-29,13.61,13.76,13.495,13.57,1407337
2024-05-30,13.88,14.11,13.695,13.82,1767827
2024-05-31,13.91,14.01,13.7,13.9,1449291
2024-06-03,14.22,14.43,13.64,14.15,1760607
2024-06-04,14.04,14.55,13.91,14.35,1735886
2024-06-05,14.48,14.67,14.32,14.54,1165608
2024-06-06,14.5,14.795,14.41,14.56,1267000
2024-06-07,14.2,14.37,13.87,14.24,1978030
2024-06-10,14.08,14.5,13.97,14.35,2019350
2024-06-11,14.14,14.71,14.1,14.55,1881657
2024-06-12,15.05,15.81,14.78,14.89,4114381
2024-06-13,14.95,15.04,14.415,14.73,2126088
2024-06-14,14.43,14.86,14.32,14.69,1734750
2024-06-17,14.54,14.7595,14.415,14.59,1188881
2024-06-18,14.53,14.91,14.28,14.3,1773105
2024-06-20,14.27,14.32,13.74,13.87,5417762
2024-06-21,13.74,14.12,13.6,14.11,3547774
2024-06-24,14.15,14.27,13.81,14.1,2065194
2024-06-25,13.99,14.02,13.62,13.65,2109165
2024-06-26,13.6,13.92,13.53,13.86,1816506
2024-06-27,13.88,14.045,13.72,13.79,1202207
2024-06-28,13.86,13.91,13.56,13.7,2420691
2024-07-01,13.73,13.84,13.105,13.16,1711231
2024-07-02,13.17,13.37,13.05,13.32,1716044
2024-07-03,13.32,13.92,13.21,13.85,2031924
2024-07-05,13.74,13.99,13.63,13.93,2400740
2024-07-08,14.06,14.088,13.2,13.27,3708863
2024-07-09,13.27,13.54,13.08,13.25,2653647
2024-07-10,13.3,13.61,13.12,13.52,2625089
2024-07-11,14.0,14.26,13.87,14.16,5809614
2024-07-12,14.33,14.38,14.045,14.33,2506791
2024-07-15,14.53,14.725,14.17,14.56,3046883
2024-07-16,14.74,15.76,14.61,15.54,6104854
2024-07-17,15.14,15.45,14.99,15.1,3501175
2024-07-18,15.12,15.88,14.79,14.87,3758714
2024-07-19,14.79,15.08,14.642,14.72,1435797
2024-07-22,14.89,15.0,14.565,14.9,2587490
2024-07-23,14.85,15.276,14.7926,15.15,1775949
2024-07-24,15.01,15.4,14.5999,14.67,2249941
2024-07-25,14.56,15.43,14.5,15.22,2432837
2024-07-26,15.67,15.995,15.295,15.91,3153758
2024-07-29,16.05,16.49,15.88,16.04,2621723
2024-07-30,16.21,16.43,16.001,16.15,2058644
2024-07-31,16.39,16.6471,16.18,16.19,4098467
2024-08-01,16.12,16.16,15.19,15.36,4773270
2024-08-02,14.8,17.54,14.71,17.25,11339011
2024-08-05,16.0,18.4,15.87,17.76,7706428
2024-08-06,17.79,18.705,17.23,18.32,5666619
2024-08-07,18.52,18.5413,17.1303,17.29,3741915
2024-08-08,17.46,18.07,17.3101,17.95,3154713
2024-08-09,18.1,18.3995,17.72,17.97,2950965
2024-08-12,17.84,17.99,17.4238,17.64,1870761
2024-08-13,17.7,18.71,17.5,18.63,3800424
2024-08-14,18.76,19.11,18.4047,19.06,3810185
2024-08-15,19.1,19.148,18.22,18.49,4302123
2024-08-16,18.6,19.2799,18.6,18.83,2114949
2024-08-19,18.88,19.37,18.8,19.19,2433020
2024-08-20,19.2,19.59,19.135,19.3,1743606
2024-08-21,19.33,19.97,19.22,19.91,3218249
2024-08-22,19.73,20.09,19.6,19.74,1806100
2024-08-23,19.9,20.955,19.83,20.81,4556423
2024-08-26,20.79,21.28,20.615,20.78,3402322
2024-08-27,20.75,20.79,20.145,20.35,3394113
2024-08-28,20.2,20.25,19.47,19.56,3832762
2024-08-29,19.79,19.91,19.17,19.32,2786083
2024-08-30,19.44,19.73,19.1,19.65,2481549
2024-09-03,19.51,20.26,19.26,19.6,3518487
2024-09-04,19.7,20.64,19.6517,20.19,4433659
2024-09-05,20.28,20.71,19.66,19.78,2759544
2024-09-06,19.66,20.14,19.265,19.31,2930365
2024-09-09,19.17,19.56,18.895,19.1,4177591
2024-09-10,19.24,19.24,18.68,18.86,2833087
2024-09-11,18.75,18.835,18.33,18.46,2921368
2024-09-12,18.76,19.01,18.38,18.75,2412563
2024-09-13,18.85,20.2,18.84,19.62,5755306
2024-09-16,19.82,20.48,19.71,20.37,3360809
2024-09-17,20.41,20.815,20.17,20.67,2801298
2024-09-18,20.77,21.38,20.2397,20.42,4538695
2024-09-19,20.82,21.085,19.135,19.19,7362328
2024-09-20,19.0,19.08,18.52,18.83,5057385
2024-09-23,18.98,19.35,18.67,19.16,3567899
2024-09-24,19.1,19.5,18.91,19.46,2053961
2024-09-25,19.3,19.815,19.2,19.34,1966667
2024-09-26,19.52,19.72,18.735,18.82,2537205
2024-09-27,19.14,19.38,18.81,18.93,1809474
2024-09-30,18.75,19.76,18.75,19.19,3338932
2024-10-01,19.28,19.7,19.01,19.27,2304177
2024-10-02,18.73,19.155,18.42,18.85,3354847
2024-10-03,18.77,18.84,17.931,18.07,3723803
2024-10-04,18.0,18.14,16.7703,17.52,6353208
2024-10-07,17.47,17.7,17.17,17.51,2887027
2024-10-08,17.68,17.85,17.47,17.56,2234856
2024-10-09,17.55,17.7,17.13,17.29,2928682
2024-10-10,17.14,17.8,17.07,17.54,3255710
2024-10-11,17.5,17.85,17.43,17.74,2601326
2024-10-14,17.75,17.95,17.51,17.83,2653177
2024-10-15,17.87,18.595,17.8402,18.48,2904899
2024-10-16,18.72,18.89,18.46,18.59,2235559
2024-10-17,18.24,18.33,17.75,18.01,3443087
2024-10-18,18.25,18.46,17.97,18.01,1771875
2024-10-21,17.86,17.94,16.16,16.33,6400070
2024-10-22,16.26,16.98,16.22,16.68,3188608
2024-10-23,16.5,16.59,16.11,16.41,2163419
2024-10-24,16.55,16.795,16.33,16.69,2165910
2024-10-25,16.74,16.93,16.2251,16.29,3457059
2024-10-28,16.5,16.65,16.16,16.32,2762390
2024-10-29,16.09,16.46,15.7,16.31,2769042
2024-10-30,16.15,16.695,16.15,16.34,1943062
2024-10-31,16.34,16.49,16.09,16.1,2370373
2024-11-01,16.3,16.34,15.5,15.71,3106581
2024-11-04,15.76,16.21,15.74,16.0,2777917
2024-11-05,15.98,16.33,15.8199,16.3,2225823
2024-11-06,15.99,16.01,15.05,15.75,4054185
2024-11-07,15.84,16.215,15.74,16.09,3505189
2024-11-08,16.1,16.215,15.82,15.87,2580539
2024-11-11,16.07,16.34,15.74,15.75,4768102
2024-11-12,15.61,15.93,15.2701,15.54,7405896
2024-11-13,14.05,14.44,13.375,14.13,13384312
2024-11-14,14.05,14.05,13.55,13.66,4993314
2024-11-15,13.705,13.915,13.5,13.6,3764932
2024-11-18,13.5,13.54,13.07,13.43,3220290
2024-11-19,13.3,14.1,13.3,13.71,3377795
2024-11-20,13.65,13.76,13.555,13.68,1774589
2024-11-21,13.68,14.03,13.56,13.61,3050168
2024-11-22,13.725,13.905,13.685,13.74,2401363
2024-11-25,14.42,15.145,14.25,14.57,6053877
2024-11-26,14.27,14.3387,13.79,14.06,2900408
2024-11-27,14.3,14.435,14.1642,14.34,2553074
2024-11-29,14.59,14.77,14.44,14.53,1753535
2024-12-02,14.37,14.425,14.08,14.18,2504073
2024-12-03,14.15,14.38,14.04,14.04,1903785
2024-12-04,14.05,14.06,13.54,13.75,2565732
2024-12-05,13.7,13.71,13.375,13.5,2564895
2024-12-06,13.82,14.0,13.39,13.57,2502905
2024-12-09,13.3501,13.54,13.15,13.32,2624602
2024-12-10,12.96,13.25,12.55,12.58,3252785
2024-12-11,12.7,12.87,12.4327,12.77,3006663
2024-12-12,12.73,12.85,12.35,12.51,2808640
2024-12-13,12.545,12.61,12.06,12.11,2404304
2024-12-16,12.22,12.43,12.105,12.22,3583461
2024-12-17,12.22,12.51,12.12,12.13,2078467
2024-12-18,12.5,12.72,11.525,11.58,6261489
2024-12-19,11.5,11.78,11.33,11.63,6291171
2024-12-20,11.65,12.12,11.62,11.82,6288875
2024-12-23,11.695,11.79,11.29,11.35,3340615
2024-12-24,11.32,11.325,10.95,11.11,2467718
2024-12-26,11.06,11.25,10.9,11.2,2257909
2024-12-27,11.125,11.19,10.885,11.1,2256533
2024-12-30,11.08,11.08,10.78,11.03,2329219
2024-12-31,11.115,11.45,11.1,11.26,2742770
2025-01-02,11.26,11.43,10.78,10.85,2891185
2025-01-03,10.9111,11.075,10.86,10.98,2115916
2025-01-06,10.93,11.14,10.67,10.82,2897475
2025-01-07,10.94,11.17,10.445,10.58,3421908
2025-01-08,10.49,10.55,10.27,10.45,2472582
2025-01-10,10.37,10.47,10.22,10.28,2883786
2025-01-13,10.18,10.42,10.06,10.42,2248980
2025-01-14,10.45,11.23,10.41,11.08,5812046
2025-01-15,12.09,12.5,11.4812,11.58,5225199
2025-01-16,11.55,11.79,11.22,11.74,3122626
2025-01-17,11.89,11.94,11.7,11.87,3049089
2025-01-21,12.0,12.07,11.79,11.97,2351518
2025-01-22,11.9,12.05,11.77,11.95,2028684
2025-01-23,11.84,11.925,11.6,11.9,2340214
2025-01-24,11.875,12.08,11.8168,12.02,3025495
2025-01-27,12.01,12.94,12.01,12.74,4930968
2025-01-28,12.74,13.06,12.6,13.02,3586824
2025-01-29,13.02,13.13,12.27,12.4,4124162
2025-01-30,12.575,12.93,12.575,12.84,2635872
2025-01-31,12.76,12.88,12.4701,12.6,3546190
2025-02-03,12.255,12.5553,12.135,12.19,2633128
2025-02-04,12.04,12.305,11.88,12.17,3119219
2025-02-05,12.32,12.82,12.32,12.7,3042728
2025-02-06,12.69,13.2372,12.62,13.18,3791913
2025-02-07,12.96,13.15,12.675,12.73,2538450
2025-02-10,12.93,13.1,12.78,12.92,1799338
2025-02-11,12.77,13.03,12.72,12.8,1809665
2025-02-12,12.32,12.41,11.71,12.19,4866460
2025-02-13,12.42,13.01,12.325,12.86,3579982
2025-02-14,13.15,13.45,12.95,13.1,2526250
2025-02-18,12.98,13.215,12.79,13.16,1810826
2025-02-19,13.03,13.2,12.81,13.1,2272935
2025-02-20,13.12,13.12,12.595,12.73,2264335
2025-02-21,12.94,13.5,12.65,13.25,5329950
2025-02-24,13.14,13.34,12.7501,13.1,3766145
2025-02-25,13.2872,13.87,13.18,13.78,6225288
2025-02-26,13.645,13.71,12.93,13.08,5172025
2025-02-27,13.03,13.38,12.77,12.83,4758601
2025-02-28,14.125,14.28,13.36,14.0,8324016
2025-03-03,14.07,14.47,13.71,14.06,6877895
2025-03-04,13.925,14.57,13.43,13.44,5705396
2025-03-05,14.095,15.21,13.9109,14.9,8799286
2025-03-06,14.8,14.9953,14.471,14.85,3993001
2025-03-07,14.99,15.9,14.81,15.77,7858930
2025-03-10,13.74,14.34,12.915,13.35,27169182
2025-03-11,12.73,13.57,12.73,13.18,14430804
2025-03-12,13.49,14.38,13.12,14.25,17093865
2025-03-13,14.27,14.56,13.895,14.51,7633998
2025-03-14,14.6,15.0785,14.57,14.87,6971194
2025-03-17,14.96,15.85,14.68,15.71,8371773
2025-03-18,15.73,15.8,15.04,15.27,5629843
2025-03-19,15.37,15.6385,14.7812,14.9,6715097
2025-03-20,14.18,15.03,14.06,14.34,5930868
2025-03-21,14.2,14.41,14.04,14.11,6865789
2025-03-24,14.0201,14.2,13.625,13.76,6080069
2025-03-25,13.78,13.8,13.375,13.38,4851305
2025-03-26,13.34,13.66,13.13,13.22,5047146
2025-03-27,13.05,13.315,12.745,13.16,5465406
2025-03-28,13.39,13.53,12.92,13.03,4396611
2025-03-31,12.24,12.35,11.5998,12.07,43830741
2025-04-01,12.15,12.87,11.96,12.6,24757505
2025-04-02,12.95,14.55,12.83,13.86,34939319
2025-04-03,14.075,14.635,13.74,13.85,16602342
2025-04-04,14.075,15.77,13.79,15.4,36581133
2025-04-07,15.0,15.98,13.99,14.66,23589424
2025-04-08,15.25,15.26,12.9,13.19,19229678
2025-04-09,12.55,12.94,11.77,12.75,25974920
2025-04-10,12.75,12.76,11.46,11.88,16396312
2025-04-11,11.71,11.9,10.94,11.9,18630320
2025-04-14,12.195,13.0,11.98,12.85,10862436
2025-04-15,12.8,13.14,12.475,12.5,7105530
2025-04-16,12.251,12.52,12.04,12.25,5371573
2025-04-17,12.27,12.64,12.04,12.04,6654802
2025-04-21,11.6408,11.79,11.36,11.55,10090580
2025-04-22,11.82,12.35,11.775,12.34,9346294
2025-04-23,12.84,13.42,12.02,12.1,13553036
2025-04-24,12.28,13.18,12.135,13.16,11590815
2025-04-25,13.025,13.19,12.715,12.83,9348790
2025-04-28,12.7,12.93,12.58,12.61,6111956
2025-04-29,12.83,12.99,12.505,12.94,7004882
2025-04-30,12.6168,13.07,12.52,12.91,5880398
2025-05-01,12.97,13.24,12.71,12.78,7408764
2025-05-02,12.75,12.76,12.195,12.62,13265994
2025-05-05,12.3,12.39,11.91,11.92,10264231
2025-05-06,11.875,11.9491,11.47,11.53,12655863
2025-05-07,11.7456,11.7456,11.44,11.62,11931871
2025-05-08,11.805,11.98,11.45,11.65,19671189
2025-05-09,11.39,12.07,11.08,11.11,21074458
2025-05-12,11.31,11.79,11.2,11.67,14571498
2025-05-13,11.84,12.67,11.295,12.61,40175927
2025-05-14,12.5,13.025,12.3,12.6,23066153
2025-05-15,12.55,12.855,12.225,12.77,11865292
2025-05-16,13.27,13.92,13.14,13.24,20600480
2025-05-19,12.8,13.02,12.46,12.95,11737562
2025-05-20,12.84,13.19,12.7762,13.17,8912535
2025-05-21,12.95,12.98,12.135,12.24,10478010
2025-05-22,12.22,12.65,12.03,12.57,10675806
2025-05-23,12.325,12.76,12.26,12.68,5886523
2025-05-27,12.81,13.09,12.5,13.09,9273538
2025-05-28,13.07,13.15,12.86,12.87,6332408
2025-05-29,13.055,13.31,12.8,13.07,7756179
2025-05-30,13.18,13.25,12.695,12.75,8513522
2025-06-02,12.68,12.68,12.25,12.52,7101699
2025-06-03,12.62,12.75,12.3113,12.69,8975322
2025-06-04,12.84,13.16,12.39,12.47,15571981
2025-06-05,12.5454,13.6,12.45,12.8,23492420
2025-06-06,13.0,13.06,12.55,12.77,7482153
2025-06-09,12.88,12.88,12.45,12.75,7845349
2025-06-10,12.79,13.18,12.71,13.09,9920988
2025-06-11,13.28,13.825,13.26,13.69,15159470
2025-06-12,13.71,14.22,13.53,14.16,15137722
2025-06-13,13.89,14.07,13.585,13.76,11730002
2025-06-16,13.9,14.165,13.585,13.73,9278516
2025-06-17,13.71,13.71,13.14,13.19,9892431
2025-06-18,13.22,14.11,13.2,13.79,13836499
2025-06-20,13.85,14.6,13.75,14.4,21229986
2025-06-23,14.32,14.72,14.03,14.69,11430591
2025-06-24,14.92,15.06,14.695,14.95,11147065
2025-06-25,15.0,15.01,14.24,14.33,10871471
2025-06-26,14.43,14.495,14.0512,14.49,16698165
2025-06-27,14.43,14.485,14.16,14.22,10656282
2025-06-30,14.39,14.46,13.925,14.18,23442660
2025-07-01,14.135,14.7,14.1304,14.48,14617167
2025-07-02,14.6,15.18,14.445,14.57,24770250
2025-07-03,14.36,14.405,14.0,14.24,14867064
2025-07-07,14.0,14.05,13.46,13.51,19656959
2025-07-08,13.53,14.075,13.45,13.74,13496837
2025-07-09,13.78,14.205,13.78,13.95,16836330
2025-07-10,13.8,13.91,13.24,13.79,17349118
2025-07-11,13.5,13.75,13.375,13.68,11685769
2025-07-14,13.595,14.03,13.515,13.95,11218050
2025-07-15,14.015,14.115,13.2,13.31,15340439
2025-07-16,13.44,13.64,13.1801,13.6,11528961
2025-07-17,13.63,14.035,13.53,13.78,15451531
2025-07-18,13.98,14.06,13.66,13.99,11635003
2025-07-21,14.24,15.29,14.24,15.04,38174412
2025-07-22,15.425,16.37,15.33,16.0,51748433
2025-07-23,17.32,17.32,15.87,16.21,64280868
2025-07-24,15.95,16.0,14.83,14.86,26582345
2025-07-25,14.8,15.1265,14.6,15.0,16723681
2025-07-28,14.9,15.07,14.58,15.04,11515076
2025-07-29,15.065,15.625,15.02,15.2,16740344
2025-07-30,15.15,15.2624,14.52,14.66,17555903
2025-07-31,14.76,15.255,14.5,14.77,23502975
2025-08-01,15.915,17.23,15.83,16.54,55979392
2025-08-04,16.75,17.095,16.48,16.88,20091931
2025-08-05,16.9,18.155,16.65,18.03,31737611
2025-08-06,17.9,18.35,17.54,18.12,24927782
2025-08-07,18.3,18.455,17.5,17.55,13395502
2025-08-08,17.645,17.645,16.74,16.81,12929357
2025-08-11,16.935,17.35,16.93,17.11,9832914
2025-08-12,17.585,18.48,17.57,18.27,23228274
2025-08-13,18.6,19.665,18.5,19.62,32836025
2025-08-14,18.99,19.22,18.545,18.72,22158197
2025-08-15,19.115,19.115,18.51,18.53,11259114
2025-08-18,18.425,18.5,17.69,17.83,11885681
2025-08-19,18.2096,18.44,17.805,18.44,17699732
2025-08-20,18.42,18.57,17.76,17.76,14486025
2025-08-21,17.57,17.68,17.13,17.58,14954647
2025-08-22,17.67,19.625,17.55,19.21,30245744
2025-08-25,18.86,19.08,18.6,18.73,14800709
2025-08-26,18.815,18.98,18.43,18.94,18239101
2025-08-27,18.9,19.0,18.06,18.08,23637907
2025-08-28,18.3,18.325,17.52,17.89,14082957
2025-08-29,17.965,18.135,17.625,17.77,15830512
2025-09-02,17.1,17.42,16.68,17.16,12995312
2025-09-03,17.2,17.99,17.15,17.88,17755991
2025-09-04,18.0,19.23,18.0,19.15,25201351
2025-09-05,19.96,20.47,19.35,20.26,39315136
2025-09-08,20.27,20.5,19.95,20.48,22760609
2025-09-09,20.29,20.49,19.8716,20.46,17392112
2025-09-10,21.39,22.08,20.64,20.9,39784890
2025-09-11,21.36,22.555,20.88,21.11,50859712
2025-09-12,20.79,21.44,20.66,21.1,22608530
2025-09-15,21.28,21.7499,20.905,21.1,24065270
2025-09-16,21.11,21.12,20.095,20.77,22885915
2025-09-17,21.05,21.96,20.265,21.16,32820145
2025-09-18,21.01,21.54,20.56,21.14,21810487
2025-09-19,21.16,21.4,20.19,20.51,21839801
2025-09-22,20.13,20.41,19.74,19.82,33141306
2025-09-23,19.87,20.38,19.5222,19.62,22886314
2025-09-24,19.565,20.055,19.2607,19.59,20625771
2025-09-25,19.01,19.33,18.82,19.05,19369241
2025-09-26,19.09,19.75,18.92,19.51,21805649
2025-09-29,19.575,20.14,19.17,20.14,21421651
2025-09-30,20.33,20.4,18.465,19.38,29723083
2025-10-01,19.76,20.62,19.25,19.59,95607916
2025-10-02,18.77,18.87,17.785,18.37,91027779
2025-10-03,18.44,18.82,17.63,17.8,191092662
2025-10-06,17.93,17.9673,16.9,16.94,58463971
2025-10-07,17.05,17.1,15.85,16.28,59866872
2025-10-08,16.54,16.79,16.21,16.22,36456006
2025-10-09,16.22,16.52,15.8,16.26,45818234
2025-10-10,16.395,16.825,16.12,16.39,34426933
2025-10-13,16.56,16.74,16.1,16.46,21872761
2025-10-14,16.3,17.12,16.04,16.92,38651784
2025-10-15,17.06,17.39,16.69,16.73,31129163
2025-10-16,16.83,16.865683,16.29,16.55,41102962
2025-10-17,16.55,16.89,16.26,16.66,31186382
2025-10-20,16.68,17.265,16.55,17.13,57590785
2025-10-21,17.1,17.525,16.9,17.04,43432743
2025-10-22,17.225,17.605,16.945,17.34,36158868
2025-10-23,17.26,17.83,17.26,17.61,63461927
2025-10-24,17.99,18.44,17.76,17.87,36591851
2025-10-27,18.01,18.22,17.38,18.16,50106990
2025-10-28,17.8218,18.17,17.47,17.51,40572248
2025-10-29,17.51,17.7,16.12,16.24,56967043
2025-10-30,16.01,16.45,15.85,15.94,56502467
2025-10-31,16.18,16.72,15.86,16.66,80667662
2025-11-03,16.23,17.175,16.105,16.89,41392331
2025-11-04,16.57,16.9,16.26,16.76,43838979
2025-11-05,16.73,16.8287,16.0,16.3,31270230
2025-11-06,16.54,16.69,15.55,15.61,48658165
2025-11-07,15.43,16.17,15.341,16.16,33795464
2025-11-10,16.34,17.23,16.205,17.08,59307701
2025-11-11,17.2,17.91,16.95,17.85,48365397
2025-11-12,17.83,18.165,17.36,17.93,30528918
2025-11-13,17.8,18.1,17.13,17.15,35820194
2025-11-14,17.0,17.365,16.82,17.05,44312926
2025-11-17,17.02,17.04,16.22,16.42,23852374
2025-11-18,16.35,17.105,16.3,16.97,28781090
2025-11-19,17.08,17.45,16.6632,16.78,49338767
2025-11-20,17.12,17.79,16.065,16.17,37006499
2025-11-21,16.67,17.5,16.55,17.44,34065022
2025-11-24,17.575,18.225,17.3044,18.12,38286853
2025-11-25,18.27,19.78,18.25,19.66,38824127
2025-11-26,19.63,20.09,19.39,19.74,24752972
2025-11-28,19.78,20.0,19.68,19.98,8002892
2025-12-01,19.4,20.45,19.2064,20.31,36538265
2025-12-02,20.43,20.6,19.74,19.75,26358747
2025-12-03,19.87,20.155,19.58,19.71,23289427
2025-12-04,19.725,20.12,19.285,19.39,26520274
2025-12-05,19.37,19.64,18.885,19.03,20606567
2025-12-08,19.2,19.3,18.6103,18.81,15416100
2025-12-09,18.66,19.02,18.58,18.99,13618930
2025-12-10,18.94,19.6867,18.9,19.24,23838203
2025-12-11,19.31,19.96,19.29,19.36,14360262
2025-12-12,19.2,19.34,18.66,18.71,14319097
2025-12-15,18.74,18.83,17.76,18.2,28538676
2025-12-16,18.13,18.33,17.875,18.22,17280713
2025-12-17,18.265,18.455,18.09,18.16,14924757
2025-12-18,18.98,19.12,18.575,18.65,18720609
2025-12-19,18.94,19.41,18.88,19.08,19599683
2025-12-22,19.1,19.39,18.82,19.23,15534742
2025-12-23,18.95,19.135,18.71,19.08,13409070
2025-12-24,19.08,19.63,18.96,19.45,8114348
2025-12-26,19.5,19.51,19.28,19.41,5922623
2025-12-29,19.4,19.5,19.08,19.37,11075511
2025-12-30,19.5,20.27,19.32,20.06,38240491
2025-12-31,20.06,20.16,19.165,19.36,17498306
2026-01-02,19.5,20.085,19.28,19.88,21614615
2026-01-05,19.985,21.43,19.9,21.1,43445821
2026-01-06,20.84,21.35,20.41,21.21,25165760
2026-01-07,21.405,22.045,20.9,21.28,49649876
2026-01-08,20.96,21.645,20.78,21.24,23051118
2026-01-09,22.08,23.415,22.0,23.29,73308923
2026-01-12,22.81,23.495,22.63,23.18,36030155
2026-01-13,23.23,23.44,22.68,22.76,30031497
2026-01-14,22.785,23.07,22.425,22.67,29964039
2026-01-15,22.9,23.6,22.9,23.44,27602150
2026-01-16,23.8,24.36,22.785,23.24,47277845
2026-01-20,22.02,22.675,21.89,22.05,28068868
2026-01-21,21.9,22.11,20.91,21.22,32630178
2026-01-22,21.31,21.77,21.255,21.5,23505447
2026-01-23,21.365,21.7353,20.53,21.07,24931835
2026-01-26,20.89,21.3,20.69,21.21,19218320
2026-01-27,20.91,21.11,20.665,21.03,17652348
2026-01-28,20.975,21.375,20.65,20.76,20958950
2026-01-29,20.49,20.84,20.29,20.77,33204426
2026-01-30,19.05,19.14,17.05,17.93,87112469
2026-02-02,17.725,19.27,17.66,18.77,42818857
2026-02-03,20.23,21.195,19.96,20.35,58312763
2026-02-04,20.32,20.73,19.265,20.0,30054598
2026-02-05,19.6,19.73,18.87,19.2,31475383
2026-02-06,19.705,19.8,18.79,18.88,28325122
2026-02-09,18.9,19.655,18.9,19.61,23188739
2026-02-10,19.69,20.2997,19.62,20.25,16570658
2026-02-11,19.75,19.8125,18.25,18.59,41757413
2026-02-12,18.715,19.14,17.25,17.75,43240672
2026-02-13,18.09,18.88,17.95,18.68,24448933
2026-02-17,18.575,18.89,17.96,18.37,24483153
2026-02-18,18.27,18.7,18.14,18.45,19756128
2026-02-19,18.3125,18.36,17.965,18.35,16529468
2026-02-20,18.16,18.27,17.75,17.98,18060321
2026-02-23,17.94,18.0365,16.885,17.09,13302
2026-02-24,16.9,17.75,16.58,17.71,13302
2026-02-25,17.85,17.85,16.97,17.33,13302
2026-02-26,17.3,17.87,17.225,17.77,22136225
2026-02-27,18.1,18.49,17.45,18.23,34414002
